Location,Year,Gender,Position,Athlete,Nationality,Time,Place,Position[27][28],Position[29][28]
Berlin,2013,Men,1,Wilson Kipsang,Kenya,2:03:23,,,
Berlin,2013,Men,2,Eliud Kipchoge,Kenya,2:04:05,,,
Berlin,2013,Men,3,Geoffrey Kipsang,Kenya,2:06:26,,,
Berlin,2013,Men,4,Stephen Kwelio Chemlany,Kenya,2:07:44,,,
Berlin,2013,Men,5,Maswai Kiptanui,Kenya,2:08:52,,,
Berlin,2013,Men,6,Marílson Gomes dos Santos,Brazil,2:09:24,,,
Berlin,2013,Men,7,Suehiro Ishikawa,Japan,2:10:24,,,
Berlin,2013,Men,8,Koji Kobayashi,Japan,2:11:31,,,
Berlin,2013,Men,9,Rui Silva,Portugal,2:12:16,,,
Berlin,2013,Men,10,Sisay Jisa,Ethiopia,2:12:17,,,
Berlin,2013,Women,1,Florence Kiplagat,Kenya,2:21:13,,,
Berlin,2013,Women,2,Sharon Cherop,Kenya,2:22:28,,,
Berlin,2013,Women,3,Irina Mikitenko,Germany,2:24:54,,,
Berlin,2013,Women,4,Helah Kiprop,Kenya,2:28:02,,,
Berlin,2013,Women,5,Desiree Davila,United States,2:29:15,,,
Berlin,2013,Women,6,Vianey de la Rosa,Mexico,2:32:35,,,
Berlin,2013,Women,7,Eri Hayakawa,Japan,2:32:35,,,
Berlin,2013,Women,8,Nina Stöcker,Germany,2:37:46,,,
Berlin,2013,Women,9,Lizzi Lee,Ireland,2:38:09,,,
Berlin,2013,Women,10,Maria Yolanda Gutierrez,Spain,2:38:18,,,
Boston,2013,Men,1,Lelisa Desisa,Ethiopia,2:10:22,,,
Boston,2013,Men,2,Micah Kogo,Kenya,2:10:27,,,
Boston,2013,Men,3,Gebre Gebremariam,Ethiopia,2:10:28,,,
Boston,2013,Men,4,Jason Hartmann,United States,2:12:12,,,
Boston,2013,Men,5,Wesley Korir,Kenya,2:12:30,,,
Boston,2013,Men,6,Markos Geneti,Ethiopia,2:12:44,,,
Boston,2013,Men,7,Dickson Chumba,Kenya,2:14:08,,,
Boston,2013,Men,8,Jeffrey Hunt,Australia,2:14:28,,,
Boston,2013,Men,9,Daniel Tapia,United States,2:14:30,,,
Boston,2013,Men,10,Craig Leon,United States,2:14:38,,,
Boston,2013,Women,1,Rita Jeptoo,Kenya,2:26:25,,,
Boston,2013,Women,2,Meseret Hailu,Ethiopia,2:26:58,,,
Boston,2013,Women,3,Sharon Cherop,Kenya,2:27:01,,,
Boston,2013,Women,4,Shalane Flanagan,United States,2:27:08,,,
Boston,2013,Women,5,Tirfi Tsegaye,Ethiopia,2:28:09,,,
Boston,2013,Women,6,Kara Goucher,United States,2:28:11,,,
Boston,2013,Women,7,Madaí Pérez,Mexico,2:28:59,,,
Boston,2013,Women,8,Diane Nukuri,Burundi,2:29:54,,,
Boston,2013,Women,9,Ana Dulce Felix,Portugal,2:30:05,,,
Boston,2013,Women,10,Sabrina Mockenhaupt,Germany,2:30:09,,,
Chicago,2013,Men,1,Dennis Kimetto,Kenya,2:03:45,,,
Chicago,2013,Men,2,Emmanuel Kipchirchir Mutai,Kenya,2:03:52,,,
Chicago,2013,Men,3,Sammy Kitwara,Kenya,2:05:16,,,
Chicago,2013,Men,4,Micah Kogo,Kenya,2:06:56,,,
Chicago,2013,Men,5,Dathan Ritzenhein,United States,2:09:45,,,
Chicago,2013,Men,6,Ayele Abshero,Ethiopia,2:10:10,,,
Chicago,2013,Men,7,Hiroaki Sano,Japan,2:10:29,,,
Chicago,2013,Men,8,Moses Mosop,Kenya,2:11:19,,,
Chicago,2013,Men,9,Yoshinori Oda,Japan,2:11:29,,,
Chicago,2013,Men,10,Matt Tegenkamp,United States,2:12:28,,,
Chicago,2013,Women,1,Rita Jeptoo,Kenya,2:19:57,,,
Chicago,2013,Women,2,Jemima Jelagat Sumgong,Kenya,2:20:48,,,
Chicago,2013,Women,3,Mariya Konovalova,Russia,2:22:46,,,
Chicago,2013,Women,4,Aliaksandra Duliba,Belarus,2:23:44,,,
Chicago,2013,Women,5,Atsede Baysa,Ethiopia,2:26:42,,,
Chicago,2013,Women,6,Ehitu Kiros Reda,Ethiopia,2:27:42,,,
Chicago,2013,Women,7,Yukiko Akaba,Japan,2:27:49,,,
Chicago,2013,Women,8,Abebech Afework,Ethiopia,2:28:38,,,
Chicago,2013,Women,9,Clara Santucci,United States,2:31:39,,,
Chicago,2013,Women,10,Melissa White,United States,2:32:37,,,
London,2013,Men,1,Tsegaye Kebede,Ethiopia,2:06:04,,,
London,2013,Men,2,Emmanuel Kipchirchir Mutai,Kenya,2:06:33,,,
London,2013,Men,3,Ayele Abshero,Ethiopia,2:06:57,,,
London,2013,Men,4,Feyisa Lilesa,Ethiopia,2:07:46,,,
London,2013,Men,5,Wilson Kipsang Kiprotich,Kenya,2:07:47,,,
London,2013,Men,6,Stephen Kiprotich,Uganda,2:08:05,,,
London,2013,Men,7,Yared Asmerom,Eritrea,2:08:22,,,
London,2013,Men,8,Stanley Biwott,Kenya,2:08:39,,,
London,2013,Men,9,Ayad Lamdassem,Spain,2:09:28,,,
London,2013,Men,10,Patrick Makau Musyoki,Kenya,2:14:10,,,
London,2013,Men,11,Patrick Rizzo,United States,2:16:05,,,
London,2013,Men,12,Derek Hawkins,United Kingdom,2:16:50,,,
London,2013,Men,13,Paul Pollock,Ireland,2:17:10,,,
London,2013,Men,14,John Gilbert,United Kingdom,2:17:43,,,
London,2013,Men,15,Anuradha Cooray,Sri Lanka,2:17:53,,,
London,2013,Men,16,Philip Wicks,United Kingdom,2:19:07,,,
London,2013,Men,17,James Kelly,United Kingdom,2:21:39,,,
London,2013,Men,18,Hafid Chani,Morocco,,,,
London,2013,Men,19,Adil Annani,Morocco,,,,
London,2013,Men,20,Geoffrey Mutai,Kenya,,,,
London,2013,Men,21,Edwin Kipyego,Kenya,,,,
London,2013,Men,22,Philip Langat,Kenya,,,,
London,2013,Men,23,Mike Kipruto Kigen,Kenya,,,,
London,2013,Men,24,Deressa Chimsa,Ethiopia,,,,
London,2013,Men,25,Scott Overall,United Kingdom,,,,
London,2013,Men,26,Yared Hagos,Eritrea,,,,
London,2013,Men,27,Mo Farah,United Kingdom,,,,
London,2013,Men,28,Wilfred Kirwa Kigen,Kenya,,,,
London,2013,Men,29,Dennis Kipruto Kimetto,Kenya,,,,
London,2013,Women,1,Priscah Jeptoo,Kenya,2:20:15,,,
London,2013,Women,2,Edna Kiplagat,Kenya,2:21:32,,,
London,2013,Women,3,Yukiko Akaba,Japan,2:24:43,,,
London,2013,Women,4,Atsede Baysa,Ethiopia,2:25:14,,,
London,2013,Women,5,Meselech Melkamu,Ethiopia,2:25:46,,,
London,2013,Women,6,Florence Kiplagat,Kenya,2:27:05,,,
London,2013,Women,7,Mai Ito,Japan,2:28:37,,,
London,2013,Women,8,Alevtina Biktimirova,Russia,2:30:02,,,
London,2013,Women,9,Susan Partridge,United Kingdom,2:30:46,,,
London,2013,Women,10,Irvette van Zyl,South Africa,2:31:26,,,
London,2013,Women,11,Adriana Aparecida da Silva,Brazil,2:31:44,,,
London,2013,Women,12,Remi Sano,Japan,2:33:24,,,
London,2013,Women,13,Amy Whitehead,United Kingdom,2:34:14,,,
London,2013,Women,14,Chika Horie,Japan,2:35:30,,,
London,2013,Women,15,Joyce Chepkirui,Kenya,2:35:54,,,
London,2013,Women,16,Tiki Gelana,Ethiopia,2:36:55,,,
London,2013,Women,17,Yoko Shibui,Japan,2:37:35,,,
London,2013,Women,18,Josephine Chepkoech,Kenya,,,,
London,2013,Women,19,Valentine Kipketer,Kenya,,,,
London,2013,Women,20,Jéssica Augusto,Portugal,,,,
London,2013,Women,21,Helah Kiprop,Kenya,,,,
London,2013,Women,22,Volha Dubouskaya,Belarus,,,,
New,2013,Men,1,Geoffrey Mutai,Kenya,2:08:24,,,
New,2013,Men,2,Tsegaye Kebede,Ethiopia,2:09:15,,,
New,2013,Men,3,Lusapho April,South Africa,2:09:45,,,
New,2013,Men,4,Julius Arile,Kenya,2:10:03,,,
New,2013,Men,5,Stanley Biwott,Kenya,2:10:41,,,
New,2013,Men,6,Masato Imai,Japan,2:10:45,,,
New,2013,Men,7,Jackson Kiprop,Uganda,2:10:56,,,
New,2013,Men,8,Peter Cheruiyot Kirui,Kenya,2:11:23,,,
New,2013,Men,9,Wesley Korir,Kenya,2:11:34,,,
New,2013,Men,10,Daniele Meucci,Italy,2:12:03,,,
New,2013,Men,11,Yuki Kawauchi,Japan,2:12:29,,,
New,2013,Men,12,Stephen Kiprotich,Uganda,2:13:05,,,
New,2013,Men,13,Ryan Vail,United States,2:13:23,,,
New,2013,Men,14,Jeffrey Eggleston,United States,2:16:35,,,
New,2013,Men,15,Bouabdellah Tahri,France,2:18:16,,,
New,2013,Men,16,Khalid En Guady,Morocco,2:22:03,,,
New,2013,Men,17,Radosław Dudycz,Poland,2:22:07,,,
New,2013,Men,18,Junior Jovadir,Brazil,2:22:35,,,
New,2013,Men,19,Tesfaye Assefa,Ethiopia,2:22:38,,,
New,2013,Men,20,Christian Thompson,United States,2:22:48,,,
New,2013,Men,21,Jason Hartmann,United States,,,,
New,2013,Men,22,Augustus Maiyo,United States,,,,
New,2013,Men,23,Viktor Röthlin,Switzerland,,,,
New,2013,Men,24,Nick Willis,New Zealand,,,,
New,2013,Men,25,Martin Lel,Kenya,,,,
New,2013,Women,1,Priscah Jeptoo,Kenya,2:25:07,,,
New,2013,Women,2,Bizunesh Deba,Ethiopia,2:25:56,,,
New,2013,Women,3,Jeļena Prokopčuka,Latvia,2:27:47,,,
New,2013,Women,4,Christelle Daunay,France,2:28:14,,,
New,2013,Women,5,Valeria Straneo,Italy,2:28:22,,,
New,2013,Women,6,Kim Smith,New Zealand,2:28:49,,,
New,2013,Women,7,Sabrina Mockenhaupt,Germany,2:29:10,,,
New,2013,Women,8,Tigist Tufa,Ethiopia,2:29:24,,,
New,2013,Women,9,Edna Kiplagat,Kenya,2:30:04,,,
New,2013,Women,10,Diane Nukuri,Burundi,2:30:09,,,
New,2013,Women,11,Risa Shigetomo,Japan,2:31:54,,,
New,2013,Women,12,Lisa Nemec,Croatia,2:34:49,,,
New,2013,Women,13,Adriana Nelson,United States,2:35:05,,,
New,2013,Women,14,Firehiwot Dado,Ethiopia,2:38:06,,,
New,2013,Women,15,Kathleen DiCamillo,United States,2:40:03,,,
New,2013,Women,16,Aziza Aliyu,Ethiopia,2:40:27,,,
New,2013,Women,17,Vera Monica Nunes†,Portugal,2:41:16,,,
New,2013,Women,18,Mattie Suver,United States,2:41:18,,,
New,2013,Women,19,Yolanda Caballero,Colombia,2:41:23,,,
New,2013,Women,20,Amy Cragg,United States,2:42:50,,,
New,2013,Women,21,Tetyana Hamera-Shmyrko,Ukraine,,,,
New,2013,Women,22,Ana Dulce Félix,Portugal,,,,
New,2013,Women,23,Janet Cherobon-Bawcom,United States,,,,
Tokyo,2013,Men,1,Dennis Kimetto,Kenya,2:06:50,,,
Tokyo,2013,Men,2,Michael Kipyego,Kenya,2:06:58,,,
Tokyo,2013,Men,3,Bernard Kipyego,Kenya,2:07:53,,,
Tokyo,2013,Men,4,Kazuhiro Maeda,Japan,2:07:59,,,
Tokyo,2013,Men,5,James Kwambai,Kenya,2:08:02,,,
Tokyo,2013,Men,6,Gilbert Kirwa,Kenya,2:08:17,,,
Tokyo,2013,Men,7,Feyisa Bekele,Ethiopia,2:09:05,,,
Tokyo,2013,Men,8,Dino Sefir,Ethiopia,2:09:13,,,
Tokyo,2013,Men,9,Takayuki Matsumiya,Japan,2:09:14,,,
Tokyo,2013,Men,10,Jonathan Maiyo,Kenya,2:10:18,,,
Tokyo,2013,Women,1,Aberu Kebede,Ethiopia,2:25:34,,,
Tokyo,2013,Women,2,Yeshi Esayias,Ethiopia,2:26:01,,,
Tokyo,2013,Women,3,Irina Mikitenko,Germany,2:26:41,,,
Tokyo,2013,Women,4,Albina Mayorova,Russia,2:26:51,,,
Tokyo,2013,Women,5,Yoshimi Ozaki,Japan,2:28:30,,,
Tokyo,2013,Women,6,Helalia Johannes,Namibia,2:29:20,,,
Tokyo,2013,Women,7,Mika Yoshikawa,Japan,2:30:20,,,
Tokyo,2013,Women,8,Nastassia Staravoitava,Bulgaria,2:30:45,,,
Tokyo,2013,Women,9,Azusa Nojiri,Japan,2:31:15,,,
Tokyo,2013,Women,10,Hiroko Yoshitomi,Japan,2:31:28,,,
Berlin,2014,Men,1,Dennis Kimetto,Kenya,2:02:57,,,
Berlin,2014,Men,2,Emmanuel Mutai,Kenya,2:03:13,,,
Berlin,2014,Men,3,Abera Kuma,Ethiopia,2:05:56,,,
Berlin,2014,Men,4,Geoffrey Kamworor,Kenya,2:06:39,,,
Berlin,2014,Men,5,Eliud Kiptanui,Kenya,2:07:28,,,
Berlin,2014,Men,6,Frankline Chepkwony,Kenya,2:07:35,,,
Berlin,2014,Men,7,Levy Matebo,Kenya,2:08:33,,,
Berlin,2014,Men,8,Maswai Kiptanui,Kenya,2:10:18,,,
Berlin,2014,Men,9,Tsegaye Kebede,Ethiopia,2:10:27,,,
Berlin,2014,Men,10,Kazuki Tamaru,Japan,2:11:25,,,
Berlin,2014,Men,11,Fernando Cabada,United States,2:11:36,,,
Berlin,2014,Men,12,Abdelhadi El Hachimi,Belgium,2:12:45,,,
Berlin,2014,Women,1,Tirfi Tsegaye,Ethiopia,2:20:18,,,
Berlin,2014,Women,2,Feyse Tadese,Ethiopia,2:20:27,,,
Berlin,2014,Women,3,Shalane Flanagan,United States,2:21:14,,,
Berlin,2014,Women,4,Tadelech Bekele,Ethiopia,2:23:02,,,
Berlin,2014,Women,5,Abebech Afework,Ethiopia,2:25:02,,,
Berlin,2014,Women,6,Kayoko Fukushi,Japan,2:26:25,,,
Berlin,2014,Women,7,Anna Hahner,Germany,2:26:44,,,
Berlin,2014,Women,8,Ines Melchor,Peru,2:26:48,,,
Berlin,2014,Women,9,Rene Kalmer,South Africa,2:29:27,,,
Berlin,2014,Women,10,Adriana da Silva,Brazil,2:38:05,,,
Berlin,2014,Women,11,Karina Neipan,Argentina,2:41:21,,,
Berlin,2014,Women,12,Michele Das Chagas,Brazil,2:42:19,,,
Boston,2014,Men,1,Meb Keflezighi, United States,2:08:37,,,
Boston,2014,Men,2,Wilson Chebet, Kenya,2:08:48,,,
Boston,2014,Men,3,Franklin Chepkwony, Kenya,2:08:50,,,
Boston,2014,Men,4,Vitaliy Shafar, Ukraine,2:09:37,,,
Boston,2014,Men,5,Markos Geneti, Ethiopia,2:09:50,,,
Boston,2014,Men,6,Joel Kimurer, Kenya,2:11:03,,,
Boston,2014,Men,7,Nicholas Arciniaga, United States,2:11:47,,,
Boston,2014,Men,8,Jeffrey Eggleston, United States,2:11:57,,,
Boston,2014,Men,9,Paul Lonyangata, Kenya,2:12:34,,,
Boston,2014,Men,10,Adil Annani, Morocco,2:12:43,,,
Boston,2014,Women,1,Buzunesh Deba, Ethiopia,2:19:59,,,
Boston,2014,Women,2,Mare Dibaba, Ethiopia,2:20:35,,,
Boston,2014,Women,3,Jemima Jelagat Sumgong, Kenya,2:20:41,,,
Boston,2014,Women,4,Meselech Melkamu, Ethiopia,2:21:28,,,
Boston,2014,Women,5,Aleksandra Duliba, Belarus,2:21:29,,,
Boston,2014,Women,6,Shalane Flanagan, United States,2:22:02,,,
Boston,2014,Women,7,Sharon Cherop, Kenya,2:23:00,,,
Boston,2014,Women,8,Philes Ongori, Kenya,2:23:22,,,
Boston,2014,Women,9,Desiree Davila, United States,2:23:54,,,
Boston,2014,Women,10,Belaynesh Oljira, Ethiopia,2:24:21,,,
Chicago,2014,Men,1,Eliud Kipchoge,Kenya,2:04:11,,,
Chicago,2014,Men,2,Sammy Kitwara,Kenya,2:04:28,,,
Chicago,2014,Men,3,Dickson Chumba,Kenya,2:04:32,,,
Chicago,2014,Men,4,Kenenisa Bekele,Ethiopia,2:05:51,,,
Chicago,2014,Men,5,Bernard Koech,Kenya,2:08:30,,,
Chicago,2014,Men,6,Ghirmay Ghebreslassie,Eritrea,2:09:08,,,
Chicago,2014,Men,7,Lani Rutto,Kenya,2:10:42,,,
Chicago,2014,Men,8,Wesley Korir,Kenya,2:11:09,,,
Chicago,2014,Men,9,Bobby Curtis,United States,2:11:20,,,
Chicago,2014,Men,10,Koji Kobayashi,Japan,2:11:43,,,
Chicago,2014,Men,11,Jake Riley,United States,2:13:16,,,
Chicago,2014,Men,12,Gabe Proctor,United States,2:13:45,,,
Chicago,2014,Women,1,Mare Dibaba,Ethiopia,2:25:37,,,
Chicago,2014,Women,2,Florence Kiplagat,Kenya,2:25:57,,,
Chicago,2014,Women,3,Birhane Dibaba,Ethiopia,2:27:02,,,
Chicago,2014,Women,4,Amy Hastings,United States,2:27:03,,,
Chicago,2014,Women,5,Clara Santucci,United States,2:32:21,,,
Chicago,2014,Women,6,Sarah Crouch,United States,2:32:44,,,
Chicago,2014,Women,7,Gelete Burka,Ethiopia,2:34:17,,,
Chicago,2014,Women,8,Melissa White,United States,2:34:19,,,
Chicago,2014,Women,9,Lauren Jimison,United States,2:34:38,,,
Chicago,2014,Women,10,Sarah Cummings,United States,2:34:47,,,
Chicago,2014,Women,11,Lindsey Scherf,United States,2:37:26,,,
London,2014,Men,1,Wilson Kipsang Kiprotich,Kenya,2:04:29,,,
London,2014,Men,2,Stanley Biwott,Kenya,2:04:55,,,
London,2014,Men,3,Tsegaye Kebede,Ethiopia,2:06:30,,,
London,2014,Men,4,Ayele Abshero,Ethiopia,2:06:31,,,
London,2014,Men,5,Tsegaye Mekonnen,Ethiopia,2:08:06,,,
London,2014,Men,6,Geoffrey Mutai,Kenya,2:08:18,,,
London,2014,Men,7,Emmanuel Kipchirchir Mutai,Kenya,2:08:19,,,
London,2014,Men,8,Mo Farah,United Kingdom,2:08:21,,,
London,2014,Men,9,Feyisa Lilesa,Ethiopia,2:08:26,,,
London,2014,Men,10,Ryan Vail,United States,2:10:57,,,
London,2014,Men,11,Chris Thompson,United Kingdom,2:11:19,,,
London,2014,Men,12,Stephen Kiprotich,Uganda,2:11:37,,,
London,2014,Men,13,Reid Coolsaet,Canada,2:13:40,,,
London,2014,Men,14,Pedro Nimo,Spain,2:14:15,,,
London,2014,Men,15,Steve Way,United Kingdom,2:16:27,,,
London,2014,Men,16,John Gilbert,United Kingdom,2:16:46,,,
London,2014,Men,17,Ben Livesey,United Kingdom,2:17:44,,,
London,2014,Men,18,Samuel Tsegay,Eritrea,2:19:10,,,
London,2014,Men,19,Scott Overall,United Kingdom,2:19:55,,,
London,2014,Men,20,Jon Pepper,United Kingdom,2:19:59,,,
London,2014,Men,21,Fernando Cabada,United States,,,,
London,2014,Men,22,Marílson Gomes dos Santos,Brazil,,,,
London,2014,Men,23,Amanuel Mesel,Eritrea,,,,
London,2014,Men,24,Paulo Roberto Paula,Brazil,,,,
London,2014,Men,25,Ibrahim Jeilan,Ethiopia,,,,
London,2014,Men,26,Cyprian Kimurgor Kotut,Kenya,,,,
London,2014,Men,27,Linus Maiyo,Kenya,,,,
London,2014,Men,28,Milton Rotich Kiplagat,Kenya,,,,
London,2014,Men,29,Richard Sigei,Kenya,,,,
London,2014,Men,30,Edwin Kiptoo,Kenya,,,,
London,2014,Men,31,Haile Gebrselassie,Ethiopia,,,,
London,2014,Women,1,Edna Kiplagat,Kenya,2:20:21,,,
London,2014,Women,2,Florence Kiplagat,Kenya,2:20:24,,,
London,2014,Women,3,Tirunesh Dibaba,Ethiopia,2:20:35,,,
London,2014,Women,4,Feyse Tadese,Ethiopia,2:21:42,,,
London,2014,Women,5,Aberu Kebede,Ethiopia,2:23:21,,,
London,2014,Women,6,Jéssica Augusto,Portugal,2:24:25,,,
London,2014,Women,7,Ana Dulce Félix,Portugal,2:26:46,,,
London,2014,Women,8,Tiki Gelana,Ethiopia,2:26:58,,,
London,2014,Women,9,Lyudmyla Kovalenko,Ukraine,2:31:31,,,
London,2014,Women,10,Yuko Shimizu,Japan,2:32:00,,,
London,2014,Women,11,Diane Nukuri,Burundi,2:33:01,,,
London,2014,Women,12,Nicola Duncan†,Ireland,2:33:28,,,
London,2014,Women,13,Amy Whitehead,United Kingdom,2:34:20,,,
London,2014,Women,14,Emma Stepto,United Kingdom,2:36:05,,,
London,2014,Women,15,Julie Briscoe†,United Kingdom,2:39:43,,,
London,2014,Women,16,Sara Bird†,United Kingdom,2:39:55,,,
London,2014,Women,17,Hayley Munn†,United Kingdom,2:40:35,,,
London,2014,Women,18,Shona Fletcher†,United Kingdom,2:44:59,,,
London,2014,Women,19,Claire Grima†,United Kingdom,2:45:51,,,
London,2014,Women,20,Mamie Konneh-Lahun†,Sierra Leone,2:46:20,,,
London,2014,Women,21,Tetyana Hamera-Shmyrko†,Ukraine,2:25:30,,,
New,2014,Men,1,Wilson Kipsang Kiprotich,Kenya,2:10:59,,,
New,2014,Men,2,Lelisa Desisa,Ethiopia,2:11:06,,,
New,2014,Men,3,Gebregziabher Gebremariam,Ethiopia,2:12:13,,,
New,2014,Men,4,Meb Keflezighi,United States,2:13:18,,,
New,2014,Men,5,Stephen Kiprotich,Uganda,2:13:25,,,
New,2014,Men,6,Geoffrey Mutai,Kenya,2:13:44,,,
New,2014,Men,7,Masato Imai,Japan,2:14:36,,,
New,2014,Men,8,Peter Cheruiyot Kirui,Kenya,2:14:51,,,
New,2014,Men,9,Ryan Vail,United States,2:15:08,,,
New,2014,Men,10,Nicholas Arciniaga,United States,2:15:39,,,
New,2014,Men,11,Yuki Kawauchi,Japan,2:16:41,,,
New,2014,Men,12,Lusapho April,South Africa,2:16:50,,,
New,2014,Men,13,Birhanu Dare,Ethiopia,2:18:24,,,
New,2014,Men,14,Micah Kogo,Kenya,2:18:36,,,
New,2014,Men,15,Danilo Goffi,Italy,2:19:44,,,
New,2014,Men,16,Stephen Shay,United States,2:19:47,,,
New,2014,Men,17,Michael Kipyego,Kenya,2:20:00,,,
New,2014,Men,18,Abebe Negash,Ethiopia,2:20:15,,,
New,2014,Men,19,Harbert Okuti,Uganda,2:22:34,,,
New,2014,Men,20,Aron Rono,United States,2:23:30,,,
New,2014,Men,21,Brent Vaughn,United States,,,,
New,2014,Men,22,Tesfaye Assefa,Ethiopia,,,,
New,2014,Men,23,Khalid En Guady,Morocco,,,,
New,2014,Women,1,Mary Jepkosgei Keitany,Kenya,2:25:07,,,
New,2014,Women,2,Jemima Sumgong,Kenya,2:25:10,,,
New,2014,Women,3,Sara Moreira,Portugal,2:26:00,,,
New,2014,Women,4,Jeļena Prokopčuka,Latvia,2:26:15,,,
New,2014,Women,5,Desiree Linden,United States,2:28:11,,,
New,2014,Women,6,Firehiwot Dado,Ethiopia,2:28:36,,,
New,2014,Women,7,Valeria Straneo,Italy,2:29:24,,,
New,2014,Women,8,Bizunesh Deba,Ethiopia,2:31:40,,,
New,2014,Women,9,Annie Bersagel,United States,2:33:02,,,
New,2014,Women,10,Deena Kastor,United States,2:33:18,,,
New,2014,Women,11,Ana Dulce Félix,Portugal,2:35:33,,,
New,2014,Women,12,Edna Kiplagat,Kenya,2:36:24,,,
New,2014,Women,13,Kara Goucher,United States,2:37:03,,,
New,2014,Women,14,Lauren Kleppin,United States,2:39:13,,,
New,2014,Women,15,Alia Gray,United States,2:39:43,,,
New,2014,Women,16,Marcella Klimek,United States,2:40:00,,,
New,2014,Women,17,Hilary Dionne,United States,2:40:54,,,
New,2014,Women,18,Rocío Cantará,Peru,2:45:30,,,
New,2014,Women,19,Kate Pallardy,United States,2:45:46,,,
New,2014,Women,20,Katie Conlon†,United States,2:48:40,,,
New,2014,Women,21,Rkia El Moukim,Morocco,:::012725501331,,,
New,2014,Women,22,Blake Russell,United States,,,,
Tokyo,2014,Men,1,Dickson Chumba,Kenya,2:05:42,,,
Tokyo,2014,Men,2,Tadese Tola,Ethiopia,2:05:57,,,
Tokyo,2014,Men,3,Sammy Kitwara,Kenya,2:06:30,,,
Tokyo,2014,Men,4,Michael Kipyego,Kenya,2:06:58,,,
Tokyo,2014,Men,5,Peter Kimeli Some,Kenya,2:07:05,,,
Tokyo,2014,Men,6,Geoffrey Kipsang,Kenya,2:07:37,,,
Tokyo,2014,Men,7,Deressa Chimsa,Ethiopia,2:07:40,,,
Tokyo,2014,Men,8,Kohei Matsumura,Japan,2:08:09,,,
Tokyo,2014,Men,9,Koji Kobayashi,Japan,2:08:51,,,
Tokyo,2014,Men,10,Abel Kirui,Kenya,2:09:04,,,
Tokyo,2014,Men,11,Hirokatsu Kurosaki,Japan,2:09:07,,,
Tokyo,2014,Men,12,Masanori Sakai,Japan,2:09:10,,,
Tokyo,2014,Women,1,Tirfi Tsegaye,Ethiopia,2:22:23,,,
Tokyo,2014,Women,2,Birhane Dibaba,Ethiopia,2:22:30,,,
Tokyo,2014,Women,3,Lucy Wangui Kabuu,Kenya,2:24:16,,,
Tokyo,2014,Women,4,Caroline Rotich,Kenya,2:24:35,,,
Tokyo,2014,Women,5,Janet Rono,Kenya,2:26:03,,,
Tokyo,2014,Women,6,Albina Mayorova,Russia,2:28:18,,,
Tokyo,2014,Women,7,Mai Ito,Japan,2:28:36,,,
Tokyo,2014,Women,8,Rika Shintaku,Japan,2:31:15,,,
Tokyo,2014,Women,9,Manami Kamitanida,Japan,2:31:34,,,
Tokyo,2014,Women,10,Hiroko Yoshitomi,Japan,2:32:38,,,
Tokyo,2014,Women,11,Azusa Nojiri,Japan,2:33:39,,,
Tokyo,2014,Women,12,Atsede Baysa,Ethiopia,2:35:03,,,
Berlin,2015,Men,1,Eliud Kipchoge,Kenya,2:04:00,,,
Berlin,2015,Men,2,Eliud Kiptanui,Kenya,2:05:21,,,
Berlin,2015,Men,3,Feyisa Lilesa,Ethiopia,2:06:57,,,
Berlin,2015,Men,4,Emmanuel Mutai,Kenya,2:07:46,,,
Berlin,2015,Men,5,Geoffrey Mutai,Kenya,2:09:29,,,
Berlin,2015,Men,6,Reid Coolsaet,Canada,2:10:28,,,
Berlin,2015,Men,7,Koen Naert,Belgium,2:10:31,,,
Berlin,2015,Men,8,Yared Shegumo,Poland,2:10:47,,,
Berlin,2015,Men,9,Koji Gokaya,Japan,2:10:58,,,
Berlin,2015,Men,10,Scott Overall,United Kingdom,2:11:24,,,
Berlin,2015,Women,1,Gladys Cherono,Kenya,2:19:25,,,
Berlin,2015,Women,2,Aberu Kebede,Ethiopia,2:20:48,,,
Berlin,2015,Women,3,Meseret Hailu,Ethiopia,2:24:33,,,
Berlin,2015,Women,4,Tadelech Bekele,Ethiopia,2:25:01,,,
Berlin,2015,Women,5,Andrea Deelstra,Netherlands,2:26:46,,,
Berlin,2015,Women,6,Maja Neuenschwander,Switzerland,2:26:49,,,
Berlin,2015,Women,7,Lisa Nemec,Croatia,2:27:57,,,
Berlin,2015,Women,8,Tomomi Tanaka,Japan,2:28:00,,,
Berlin,2015,Women,9,Sonia Samuels,United Kingdom,2:28:04,,,
Berlin,2015,Women,10,Fate Tola,Ethiopia,2:28:24,,,
Boston,2015,Men,1,Lelisa Desisa,Ethiopia,2:09:17,,,
Boston,2015,Men,2,Yemane Tsegay,Ethiopia,2:09:48,,,
Boston,2015,Men,3,Wilson Chebet,Kenya,2:10:22,,,
Boston,2015,Men,4,Bernard Kipyego,Kenya,2:10:47,4.0,,
Boston,2015,Men,5,Wesley Korir,Kenya,2:10:49,5.0,,
Boston,2015,Men,6,Frankline Chepkwony,Kenya,2:10:52,6.0,,
Boston,2015,Men,7,Dathan Ritzenhein,United States,2:11:20,7.0,,
Boston,2015,Men,8,Meb Keflezighi,United States,2:12:42,8.0,,
Boston,2015,Men,9,Tadese Tola,Ethiopia,2:13:35,9.0,,
Boston,2015,Men,10,Vitaliy Shafar,Ukraine,2:13:52,10.0,,
Boston,2015,Women,1,Caroline Rotich,Kenya,2:24:55,,,
Boston,2015,Women,2,Mare Dibaba,Ethiopia,2:24:59,,,
Boston,2015,Women,3,Bizunesh Deba,Ethiopia,2:25:09,,,
Boston,2015,Women,4,Desiree Linden,United States,2:25:39,4.0,,
Boston,2015,Women,5,Sharon Cherop,Kenya,2:26:05,5.0,,
Boston,2015,Women,6,Caroline Kilel,Kenya,2:26:40,6.0,,
Boston,2015,Women,7,Aberu Kebede,Ethiopia,2:26:52,7.0,,
Boston,2015,Women,8,Shure Demise,Ethiopia,2:27:14,8.0,,
Boston,2015,Women,9,Shalane Flanagan,United States,2:27:47,9.0,,
Boston,2015,Women,10,Joyce Chepkirui,Kenya,2:29:07,10.0,,
Chicago,2015,Men,1,Dickson Chumba,Kenya,2:09:25,,,
Chicago,2015,Men,2,Sammy Kitwara,Kenya,2:09:50,,,
Chicago,2015,Men,3,Sammy Ndungu,Kenya,2:10:06,,,
Chicago,2015,Men,4,Girmay Birhanu Gebru,Ethiopia,2:10:07,,,
Chicago,2015,Men,5,Luke Puskedra,United States,2:10:24,,,
Chicago,2015,Men,6,Wesley Korir,Kenya,2:10:39,,,
Chicago,2015,Men,7,Elkanah Kibet,United States,2:11:31,,,
Chicago,2015,Men,8,Lucas Rotich,Kenya,2:13:39,,,
Chicago,2015,Men,9,Abera Kuma,Ethiopia,2:13:44,,,
Chicago,2015,Men,10,Fernando Cabada,United States,2:15:36,,,
Chicago,2015,Women,1,Florence Kiplagat,Kenya,2:23:33,,,
Chicago,2015,Women,2,Yebrgual Melese,Ethiopia,2:23:43,,,
Chicago,2015,Women,3,Birhane Dibaba,Ethiopia,2:24:24,,,
Chicago,2015,Women,4,Kayoko Fukushi,Japan,2:24:25,,,
Chicago,2015,Women,5,Mulu Seboka,Ethiopia,2:24:40,,,
Chicago,2015,Women,6,Meskerem Assefa,Ethiopia,2:25:11,,,
Chicago,2015,Women,7,Deena Kastor,United States,2:27:47,,,
Chicago,2015,Women,8,Diane Nukuri,Burundi,2:29:13,,,
Chicago,2015,Women,9,Jessica Draskau-Petersson,Denmark,2:30:07,,,
Chicago,2015,Women,10,Sara Hall,United States,2:31:14,,,
London,2015,Men,1,Eliud Kipchoge,Kenya,2:04:42,,,
London,2015,Men,2,Wilson Kipsang Kiprotich,Kenya,2:04:47,,,
London,2015,Men,3,Dennis Kipruto Kimetto,Kenya,2:05:50,,,
London,2015,Men,4,Stanley Biwott,Kenya,2:06:41,,,
London,2015,Men,5,Tilahun Regassa,Ethiopia,2:07:16,,,
London,2015,Men,6,Sammy Kitwara,Kenya,2:07:43,,,
London,2015,Men,7,Javier Guerra,Spain,2:09:33,,,
London,2015,Men,8,Ghebrezgiabhier Kibrom,Eritrea,2:09:36,,,
London,2015,Men,9,Aleksey Reunkov,Russia,2:10:10,,,
London,2015,Men,10,Serhiy Lebid,Ukraine,2:10:21,,,
London,2015,Men,11,Emmanuel Kipchirchir Mutai,Kenya,2:10:54,,,
London,2015,Men,12,Michael Shelley,Australia,2:11:19,,,
London,2015,Men,13,Scott Overall,United Kingdom,2:13:13,,,
London,2015,Men,14,Anuradha Cooray,Sri Lanka,2:13:47,,,
London,2015,Men,15,Koen Raymaekers,Netherlands,2:14:25,,,
London,2015,Men,16,Hermano Ferreira,Portugal,2:15:53,,,
London,2015,Men,17,Matthew Hynes,United Kingdom,2:16:00,,,
London,2015,Men,18,Bekir Karayel,Turkey,2:16:06,,,
London,2015,Men,19,Christian Kreienbühl,Switzerland,2:17:00,,,
London,2015,Men,20,Aaron Scott,United Kingdom,2:20:49,,,
London,2015,Men,21,Geoffrey Mutai,Kenya,,,,
London,2015,Men,22,Tsegaye Mekonnen,Ethiopia,,,,
London,2015,Men,23,Samuel Tsegay,Eritrea,,,,
London,2015,Men,24,Wilfred Kipkosgei,Kenya,,,,
London,2015,Men,25,Edwin Kipyego,Kenya,,,,
London,2015,Men,26,Wilfred Kirwa Kigen,Kenya,,,,
London,2015,Men,27,Kadengoi Loitareng,Kenya,,,,
London,2015,Women,1,Tigist Tufa,Ethiopia,2:23:22,,,
London,2015,Women,2,Mary Jepkosgei Keitany,Kenya,2:23:40,,,
London,2015,Women,3,Tirfi Tsegaye,Ethiopia,2:23:41,,,
London,2015,Women,4,Aselefech Mergia,Ethiopia,2:23:53,,,
London,2015,Women,5,Florence Kiplagat,Kenya,2:24:15,,,
London,2015,Women,6,Jemima Sumgong,Kenya,2:24:23,,,
London,2015,Women,7,Priscah Jeptoo,Kenya,2:25:01,,,
London,2015,Women,8,Ana Dulce Félix,Portugal,2:25:15,,,
London,2015,Women,9,Volha Mazuronak,Belarus,2:25:36,,,
London,2015,Women,10,Edna Kiplagat,Kenya,2:27:16,,,
London,2015,Women,11,Iwona Lewandowska,Poland,2:27:47,,,
London,2015,Women,12,Diane Nukuri,Burundi,2:27:50,,,
London,2015,Women,13,Tatyana Petrova Arkhipova,Russia,2:28:42,,,
London,2015,Women,14,Alessandra Aguilar,Spain,2:29:45,,,
London,2015,Women,15,Sonia Samuels,United Kingdom,2:31:46,,,
London,2015,Women,16,Mary Davies,New Zealand,2:34:22,,,
London,2015,Women,17,Emma Stepto,United Kingdom,2:35:41,,,
London,2015,Women,18,Rebecca Robinson,United Kingdom,2:36:51,,,
London,2015,Women,19,Tetyana Hamera-Shmyrko,Ukraine,,,,
London,2015,Women,20,Rkia El Moukim,Morocco,,,,
London,2015,Women,21,Elvan Abeylegesse,Turkey,,,,
London,2015,Women,22,Rebecca Chesire,Kenya,,,,
London,2015,Women,23,Peres Jepchirchir,Kenya,,,,
London,2015,Women,24,Elizeba Cherono,Kenya,,,,
London,2015,Women,25,Susan Partridge,United Kingdom,,,,
New,2015,Men,1,Stanley Biwott,Kenya,2:10:34,,,
New,2015,Men,2,Geoffrey Kamworor,Kenya,2:10:48,,,
New,2015,Men,3,Lelisa Desisa,Ethiopia,2:12:10,,,
New,2015,Men,4,Wilson Kipsang Kiprotich,Kenya,2:12:45,,,
New,2015,Men,5,Yemane Tsegay,Ethiopia,2:13:24,,,
New,2015,Men,6,Yuki Kawauchi,Japan,2:13:29,,,
New,2015,Men,7,Meb Keflezighi,United States,2:13:32,,,
New,2015,Men,8,Craig Leon,United States,2:15:16,,,
New,2015,Men,9,Birhanu Dare,Ethiopia,2:15:40,,,
New,2015,Men,10,Kevin Chelimo,Kenya,2:15:49,,,
New,2015,Men,11,Andrea Lalli,Italy,2:17:12,,,
New,2015,Men,12,Juan Luis Barrios,Mexico,2:18:06,,,
New,2015,Men,13,Diriba Yigezu,Ethiopia,2:19:22,,,
New,2015,Men,14,Abebe Negash,Ethiopia,2:20:30,,,
New,2015,Men,15,Tim Chichester,United States,2:21:27,,,
New,2015,Men,16,Nicholas Arciniaga,United States,2:22:07,,,
New,2015,Men,17,Khalid En Guady,Morocco,2:23:13,,,
New,2015,Men,18,Carmine Buccilli,Italy,2:23:48,,,
New,2015,Men,19,Abu Diriba,Ethiopia,2:24:30,,,
New,2015,Men,20,Kojo Kyereme,United Kingdom,2:26:17,,,
New,2015,Men,21,Daniele Meucci,Italy,,,,
New,2015,Men,22,Li Zicheng,China,,,,
New,2015,Men,23,Harbert Okuti,Uganda,,,,
New,2015,Men,24,Gian-Paul Caccia,United States,,,,
New,2015,Women,1,Mary Jepkosgei Keitany,Kenya,2:24:25,,,
New,2015,Women,2,Aselefech Mergia,Ethiopia,2:25:32,,,
New,2015,Women,3,Tigist Tufa,Ethiopia,2:25:50,,,
New,2015,Women,4,Sara Moreira,Portugal,2:25:53,,,
New,2015,Women,5,Christelle Daunay,France,2:26:57,,,
New,2015,Women,6,Priscah Jeptoo,Kenya,2:27:03,,,
New,2015,Women,7,Laura Thweatt,United States,2:28:23,,,
New,2015,Women,8,Jeļena Prokopčuka,Latvia,2:28:46,,,
New,2015,Women,9,Anna Incerti,Italy,2:33:13,,,
New,2015,Women,10,Caroline Rotich,Kenya,2:33:19,,,
New,2015,Women,11,Rocío Cántara†,Peru,2:37:05,,,
New,2015,Women,12,Cassie Fien,Australia,2:38:53,,,
New,2015,Women,13,Teresa McWalters,United States,2:40:37,,,
New,2015,Women,14,Marisol Romero,Mexico,2:41:50,,,
New,2015,Women,15,Beverly Ramos,Puerto Rico,2:41:56,,,
New,2015,Women,16,Emma Nordling†,Sweden,2:43:29,,,
New,2015,Women,17,Ding Changqin,China,2:44:02,,,
New,2015,Women,18,Caroline Wöstmann,South Africa,2:44:26,,,
New,2015,Women,19,Hilary Corno,United States,2:45:53,,,
New,2015,Women,20,Roberta Groner†,United States,2:45:54,,,
New,2015,Women,21,Liza Howard†,Canada,2:49:07,,,
New,2015,Women,22,Mikaela Larson†,Sweden,2:49:12,,,
New,2015,Women,23,Clare Geraghty,Australia,2:49:19,,,
New,2015,Women,24,Bizunesh Deba,Ethiopia,,,,
New,2015,Women,25,Sally Kipyego,Kenya,,,,
New,2015,Women,26,Ana Dulce Félix,Portugal,,,,
New,2015,Women,27,Alana Hadley,United States,,,,
New,2015,Women,28,Jane Fardell,Australia,,,,
Tokyo,2015,Men,1,Endeshaw Negesse,Ethiopia,2:06:00,,,
Tokyo,2015,Men,2,Stephen Kiprotich,Uganda,2:06:33,,,
Tokyo,2015,Men,3,Dickson Chumba,Kenya,2:06:34,,,
Tokyo,2015,Men,4,Shumi Dechasa,Bahrain,2:07:20,,,
Tokyo,2015,Men,5,Peter Some,Kenya,2:07:22,,,
Tokyo,2015,Men,6,Markos Geneti,Ethiopia,2:07:25,,,
Tokyo,2015,Men,7,Masato Imai,Japan,2:07:39,,,
Tokyo,2015,Men,8,Tsegaye Kebede,Ethiopia,2:07:58,,,
Tokyo,2015,Men,9,Hiroaki Sano,Japan,2:09:12,,,
Tokyo,2015,Men,10,Benjamin Ngandu,Kenya,2:09:19,,,
Tokyo,2015,Men,11,Koji Gokaya,Japan,2:09:21,,,
Tokyo,2015,Men,12,Yared Asmerom,Eritrea,2:09:41,,,
Tokyo,2015,Women,1,Birhane Dibaba,Ethiopia,2:23:15,,,
Tokyo,2015,Women,2,Helah Kiprop,Kenya,2:24:03,,,
Tokyo,2015,Women,3,Tiki Gelana,Ethiopia,2:24:26,,,
Tokyo,2015,Women,4,Sally Chepyego Kaptich,Kenya,2:26:43,,,
Tokyo,2015,Women,5,Flomena Cheyech Daniel,Kenya,2:26:54,,,
Tokyo,2015,Women,6,Yeshi Esayias,Ethiopia,2:30:15,,,
Tokyo,2015,Women,7,Madoka Ogi,Japan,2:30:25,,,
Tokyo,2015,Women,8,Albina Mayorova,Russia,2:34:21,,,
Tokyo,2015,Women,9,Yukari Abe,Japan,2:34:43,,,
Tokyo,2015,Women,10,Yumiko Kinoshita,Japan,2:35:49,,,
Tokyo,2015,Women,11,Lauren Kleppin,United States,2:37:13,,,
Tokyo,2015,Women,12,Ayano Kondo,Japan,2:38:06,,,
Berlin,2016,Men,1,Kenenisa Bekele,Ethiopia,2:03:03,,,
Berlin,2016,Men,2,Wilson Kipsang,Kenya,2:03:13,,,
Berlin,2016,Men,3,Evans Chebet,Kenya,2:05:31,,,
Berlin,2016,Men,4,Sisay Lemma,Ethiopia,2:06:56,,,
Berlin,2016,Men,5,Eliud Kiptanui,Kenya,2:07:47,,,
Berlin,2016,Men,6,Geoffrey Ronoh,Kenya,02:09:29,,,
Berlin,2016,Men,7,Alfers Lagat,Kenya,02:09:46,,,
Berlin,2016,Men,8,Yohanes Gebregergish,Eritrea,02:09:48,,,
Berlin,2016,Men,9,Jacob Kendagor,Kenya,02:10:01,,,
Berlin,2016,Men,10,Suleiman Simotwo,Kenya,02:10:22,,,
Berlin,2016,Women,1,Aberu Kebede,Ethiopia,2:20:45,,,
Berlin,2016,Women,2,Birhane Dibaba,Ethiopia,2:23:58,,,
Berlin,2016,Women,3,Ruti Aga,Ethiopia,2:24:41,,,
Berlin,2016,Women,4,Reia Iwade,Japan,2:28:16,,,
Berlin,2016,Women,5,Katharina Heinig,Germany,2:28:34,,,
Berlin,2016,Women,6,Janet Ronoh,Kenya,02:29:35,,,
Berlin,2016,Women,7,Dolinin Elena,Israel,02:35:59,,,
Berlin,2016,Women,8,Cassie Fien,Australia,02:37:28,,,
Berlin,2016,Women,9,Claire McCarthy,Ireland,02:38:00,,,
Berlin,2016,Women,10,Gladys Ganiel,Ireland,02:39:10,,,
Boston,2016,Men,1,Lemi Berhanu Hayle,Ethiopia,2:12:45,,,
Boston,2016,Men,2,Lelisa Desisa,Ethiopia,2:13:32,,,
Boston,2016,Men,3,Yemane Tsegay,Ethiopia,2:14:02,,,
Boston,2016,Men,4,Wesley Korir,Kenya,2:14:05,4.0,,
Boston,2016,Men,5,Paul Lonyangata,Kenya,2:15:45,5.0,,
Boston,2016,Men,6,Sammy Kitwara,Kenya,2:16:43,6.0,,
Boston,2016,Men,7,Stephen Chebogut,Kenya,2:16:52,7.0,,
Boston,2016,Men,8,Abdi Nageeye,Netherlands,2:18:05,8.0,,
Boston,2016,Men,9,Getu Feleke,Ethiopia,2:18:46,9.0,,
Boston,2016,Men,10,Zachary Hine,United States,2:21:37,10.0,,
Boston,2016,Women,1,Atsede Baysa,Ethiopia,2:29:19,,,
Boston,2016,Women,2,Tirfi Tsegaye,Ethiopia,2:30:03,,,
Boston,2016,Women,3,Joyce Chepkirui,Kenya,2:30:50,,,
Boston,2016,Women,4,Jeļena Prokopčuka,Latvia,2:32:28,4.0,,
Boston,2016,Women,5,Valentine Kipketer,Kenya,2:33:13,5.0,,
Boston,2016,Women,6,Flomena Cheyech Daniel,Kenya,2:33:40,6.0,,
Boston,2016,Women,7,Bizunesh Deba,Ethiopia,2:33:56,7.0,,
Boston,2016,Women,8,Fate Tola,Ethiopia,2:34:38,8.0,,
Boston,2016,Women,9,Neely Spence Gracey,United States,2:35:00,9.0,,
Boston,2016,Women,10,Mamitu Daska,Ethiopia,2:37:31,10.0,,
Chicago,2016,Men,1,Abel Kirui,Kenya,2:11:23,,,
Chicago,2016,Men,2,Dickson Chumba,Kenya,2:11:26,,,
Chicago,2016,Men,3,Gideon Kipketer,Kenya,2:12:20,,,
Chicago,2016,Men,4,Paul Lonyangata,Kenya,2:13:17,,,
Chicago,2016,Men,5,Stephen Sambu,Kenya,2:13:35,,,
Chicago,2016,Men,6,Abayneh Ayele,Ethiopia,2:13:52,,,
Chicago,2016,Men,7,Takuya Fukatsu,Japan,2:13:53,,,
Chicago,2016,Men,8,Diego Estrada,United States,2:13:56,,,
Chicago,2016,Men,9,Koji Gokaya,Japan,2:14:34,,,
Chicago,2016,Men,10,Elkanah Kibet,United States,2:16:37,,,
Chicago,2016,Women,1,Florence Kiplagat,Kenya,2:21:32,,,
Chicago,2016,Women,2,Edna Kiplagat,Kenya,2:23:28,,,
Chicago,2016,Women,3,Valentine Kipketer,Kenya,2:23:41,,,
Chicago,2016,Women,4,Purity Rionoripo,Kenya,2:24:47,,,
Chicago,2016,Women,5,Yebrgual Melese,Ethiopia,2:24:49,,,
Chicago,2016,Women,6,Atsede Baysa,Ethiopia,2:28:53,,,
Chicago,2016,Women,7,Serena Burla,United States,2:30:40,,,
Chicago,2016,Women,8,Agnieszka Mierzejewska,Poland,2:32:13,,,
Chicago,2016,Women,9,Sarah Crouch,United States,2:33:48,,,
Chicago,2016,Women,10,Alia Gray,United States,2:34:00,,,
London,2016,Men,1,Eliud Kipchoge,Kenya,2:03:05,,,
London,2016,Men,2,Stanley Biwott,Kenya,2:03:51,,,
London,2016,Men,3,Kenenisa Bekele,Ethiopia,2:06:36,,,
London,2016,Men,4,Ghirmay Ghebreslassie,Eritrea,2:07:46,,,
London,2016,Men,5,Wilson Kipsang Kiprotich,Kenya,2:07:52,,,
London,2016,Men,6,Tilahun Regassa,Ethiopia,2:09:47,,,
London,2016,Men,7,Sisay Lemma,Ethiopia,2:10:45,,,
London,2016,Men,8,Callum Hawkins,United Kingdom,2:10:52,,,
London,2016,Men,9,Dennis Kipruto Kimetto,Kenya,2:11:44,,,
London,2016,Men,10,Ghebrezgiabhier Kibrom,Eritrea,2:11:56,,,
London,2016,Men,11,Yuki Sato,Japan,2:12:14,,,
London,2016,Men,12,Tsegai Tewelde,United Kingdom,2:12:23,,,
London,2016,Men,13,Vitaliy Shafar,Ukraine,2:12:36,,,
London,2016,Men,14,Derek Hawkins,United Kingdom,2:12:57,,,
London,2016,Men,15,Serhiy Lebid,Ukraine,2:14:07,,,
London,2016,Men,16,Chris Thompson,United Kingdom,2:15:05,,,
London,2016,Men,17,Matthew Bond,United Kingdom,2:15:32,,,
London,2016,Men,18,Robbie Simpson,United Kingdom,2:15:38,,,
London,2016,Men,19,Lee Merrien,Guernsey,2:16:42,,,
London,2016,Men,20,Sean Hehir,Ireland,2:17:23,,,
London,2016,Men,21,Paul Martelletti,United Kingdom,2:17:30,,,
London,2016,Men,22,Andrew Davies,United Kingdom,2:17:45,,,
London,2016,Men,23,Robyn Watson,Canada,2:18:45,,,
London,2016,Men,24,Thomas Frazer,Ireland,2:19:21,,,
London,2016,Men,25,Aaron Scott,United Kingdom,2:19:22,,,
London,2016,Men,26,Ben Moreau,United Kingdom,2:19:43,,,
London,2016,Men,27,José Antonio Uribe Marino,Mexico,2:20:21,,,
London,2016,Men,28,Stephen Scullion,United Kingdom,2:20:39,,,
London,2016,Men,29,Steve Way,United Kingdom,2:20:54,,,
London,2016,Men,30,Thomas Payn,United Kingdom,2:21:25,,,
London,2016,Men,31,Boniface Toroitich Kiprop,Kenya,,,,
London,2016,Men,32,Gideon Kipketer,Kenya,,,,
London,2016,Men,33,Wilfred Kirwa Kigen,Kenya,,,,
London,2016,Men,34,Kevin Kipruto Kochei,Kenya,,,,
London,2016,Men,35,Ezrah Kiprotich Sang,Kenya,,,,
London,2016,Men,36,Cosmas Lagat,Kenya,,,,
London,2016,Men,37,Gervais Hakizimana,Rwanda,,,,
London,2016,Men,38,Samuel Tsegay,Eritrea,,,,
London,2016,Men,39,Amanuel Mesel,Eritrea,,,,
London,2016,Men,40,Arne Gabius,Germany,,,,
London,2016,Men,41,Marcin Chabowski,Poland,,,,
London,2016,Men,42,Scott Overall,United Kingdom,,,,
London,2016,Women,1,Jemima Sumgong,Kenya,2:22:58,,,
London,2016,Women,2,Tigist Tufa,Ethiopia,2:23:03,,,
London,2016,Women,3,Florence Kiplagat,Kenya,2:23:39,,,
London,2016,Women,4,Volha Mazuronak,Belarus,2:23:54,,,
London,2016,Women,5,Aselefech Mergia,Ethiopia,2:23:57,,,
London,2016,Women,6,Mare Dibaba,Ethiopia,2:24:09,,,
London,2016,Women,7,Feyse Tadese,Ethiopia,2:25:03,,,
London,2016,Women,8,Priscah Jeptoo,Kenya,2:27:27,,,
London,2016,Women,9,Mary Jepkosgei Keitany,Kenya,2:28:30,,,
London,2016,Women,10,Jéssica Augusto,Portugal,2:28:53,,,
London,2016,Women,11,Katarzyna Kowalska,Poland,2:29:47,,,
London,2016,Women,12,Sara Hall,United States,2:30:06,,,
London,2016,Women,13,Alyson Dixon,United Kingdom,2:31:52,,,
London,2016,Women,14,Sonia Samuels,United Kingdom,2:32:00,,,
London,2016,Women,15,Irvette van Zyl,South Africa,2:32:20,,,
London,2016,Women,16,Charlotte Purdue,United Kingdom,2:32:48,,,
London,2016,Women,17,Tracy Barlow†,United Kingdom,2:33:25,,,
London,2016,Women,18,Cassie Fien,Australia,2:33:36,,,
London,2016,Women,19,Christina Muir†,United Kingdom,2:37:42,,,
London,2016,Women,20,Freya Murray,United Kingdom,2:37:52,,,
London,2016,Women,21,Hayley Munn†,United Kingdom,2:38:13,,,
London,2016,Women,22,Georgie Bruinvels†,United Kingdom,2:38:20,,,
London,2016,Women,23,René Kalmer,South Africa,2:39:44,,,
London,2016,Women,24,Polline Wanjiku,Kenya,,,,
London,2016,Women,25,Angela Tanui,Kenya,,,,
London,2016,Women,26,Helah Kiprop,Kenya,,,,
London,2016,Women,27,Charlotte Arter,United Kingdom,,,,
London,2016,Women,28,Caryl Jones,United Kingdom,,,,
New,2016,Men,1,Ghirmay Ghebreslassie,Eritrea,2:07:51,,,
New,2016,Men,2,Lucas Rotich,Kenya,2:08:53,,,
New,2016,Men,3,Abdihakem Abdirahman,United States,2:11:23,,,
New,2016,Men,4,Hiroyuki Yamamoto,Japan,2:11:49,,,
New,2016,Men,5,Shadrack Kiptoo Biwott,United States,2:12:01,,,
New,2016,Men,6,Tadesse Yae Dabi,Ethiopia,2:13:06,,,
New,2016,Men,7,Moses Ndiema Kipsiro,Uganda,2:14:18,,,
New,2016,Men,8,Tyler Pennell,United States,2:15:09,,,
New,2016,Men,9,Benjamin Payne,United States,2:15:46,,,
New,2016,Men,10,Patrick Smyth,United States,2:16:34,,,
New,2016,Men,11,Craig Leon,United States,2:17:14,,,
New,2016,Men,12,Bado Musa Ido,Ethiopia,2:17:57,,,
New,2016,Men,13,Christo Landry,United States,2:19:14,,,
New,2016,Men,14,Brendan Martin,United States,2:19:34,,,
New,2016,Men,15,Guteta Senbeto,Ethiopia,2:20:01,,,
New,2016,Men,16,Mariano Mastromarino,Argentina,2:20:08,,,
New,2016,Men,17,Matthew Llano,United States,2:20:15,,,
New,2016,Men,18,Worknesh Seyoum,Ethiopia,2:20:54,,,
New,2016,Men,19,Timothy Ritchie,United States,2:21:09,,,
New,2016,Men,20,Harbert Okuti,Uganda,2:21:27,,,
New,2016,Men,21,Lelisa Desisa,Ethiopia,,,,
New,2016,Men,22,Dathan Ritzenhein,United States,,,,
New,2016,Men,23,Ryan Vail,United States,,,,
New,2016,Men,24,Birhanu Dare,Ethiopia,,,,
New,2016,Men,25,Diriba Degefa Yigezu,Ethiopia,,,,
New,2016,Men,26,Jonathan Grey,United States,,,,
New,2016,Women,1,Mary Jepkosgei Keitany,Kenya,2:24:26,,,
New,2016,Women,2,Sally Kipyego,Kenya,2:28:01,,,
New,2016,Women,3,Molly Huddle,United States,2:28:13,,,
New,2016,Women,4,Joyce Chepkirui,Kenya,2:29:08,,,
New,2016,Women,5,Diane Nukuri,Burundi,2:33:04,,,
New,2016,Women,6,Aselefech Mergia,Ethiopia,2:33:28,,,
New,2016,Women,7,Lanni Marchant,Canada,2:33:50,,,
New,2016,Women,8,Neely Spence Gracey,United States,2:34:55,,,
New,2016,Women,9,Sara Hall,United States,2:36:12,,,
New,2016,Women,10,Ayantu Dakebo Hailemaryam,Ethiopia,2:37:07,,,
New,2016,Women,11,Esther Atkins,United States,2:37:11,,,
New,2016,Women,12,Dorothy McMahon,United States,2:38:46,,,
New,2016,Women,13,Kellys Arias,Colombia,2:39:14,,,
New,2016,Women,14,Gwen Jorgensen,United States,2:41:01,,,
New,2016,Women,15,Laura Manninen,Finland,2:41:08,,,
New,2016,Women,16,Kimberly Conley,United States,2:41:38,,,
New,2016,Women,17,Kelly Calway†,United States,2:42:39,,,
New,2016,Women,18,Emma Nordling,Sweden,2:45:22,,,
New,2016,Women,19,Hilary Dionne,United States,2:45:31,,,
New,2016,Women,20,Samantha Roecker,United States,2:45:34,,,
New,2016,Women,21,Bizunesh Deba,Ethiopia,,,,
New,2016,Women,22,Annie Bersagel,United States,,,,
New,2016,Women,23,Brianne Nelson,United States,,,,
New,2016,Women,24,Etaferahu Temesgen Wodaj,Ethiopia,,,,
New,2016,Women,25,Megan Foster,United States,,,,
Tokyo,2016,Men,1,Feyisa Lilesa,Ethiopia,2:06:56,,,
Tokyo,2016,Men,2,Bernard Kipyego,Kenya,2:07:33,,,
Tokyo,2016,Men,3,Dickson Chumba,Kenya,2:07:34,,,
Tokyo,2016,Men,4,Stephen Kiprotich,Uganda,2:07:46,,,
Tokyo,2016,Men,5,Abel Kirui,Kenya,2:08:06,,,
Tokyo,2016,Men,6,Eliud Kiptanui,Kenya,2:08:55,,,
Tokyo,2016,Men,7,Emmanuel Kipchirchir Mutai,Kenya,2:10:23,,,
Tokyo,2016,Men,8,Yuki Takamiya,Japan,2:10:57,,,
Tokyo,2016,Men,9,Javier Guerra,Spain,2:11:01,,,
Tokyo,2016,Men,10,Yuta Shimoda,Japan,2:11:34,,,
Tokyo,2016,Women,1,Helah Kiprop,Kenya,2:21:27,,,
Tokyo,2016,Women,2,Amane Gobena,Ethiopia,2:21:51,,,
Tokyo,2016,Women,3,Edna Kiplagat,Kenya,2:22:36,,,
Tokyo,2016,Women,4,Aberu Kebede,Ethiopia,2:23:01,,,
Tokyo,2016,Women,5,Birhane Dibaba,Ethiopia,2:23:16,,,
Tokyo,2016,Women,6,Shure Demise,Ethiopia,2:25:04,,,
Tokyo,2016,Women,7,Ashete Bekere,Ethiopia,2:25:50,,,
Tokyo,2016,Women,8,Maja Neuenschwander,Switzerland,2:27:36,,,
Tokyo,2016,Women,9,Isabellah Andersson,Sweden,2:30:02,,,
Tokyo,2016,Women,10,Yukiko Okuno,Japan,2:31:17,,,
Berlin,2017,Men,1,Eliud Kipchoge,Kenya,2:03:32,,,
Berlin,2017,Men,2,Guye Adola,Ethiopia,2:03:46,,,
Berlin,2017,Men,3,Mosinet Geremew,Ethiopia,2:06:09,,,
Berlin,2017,Men,4,Felix Kandie,Kenya,2:06:13,,,
Berlin,2017,Men,5,Vincent Kipruto,Kenya,2:06:14,,,
Berlin,2017,Men,6,Yuta Shitara,Japan,2:09:03,,,
Berlin,2017,Men,7,Hiroaki Sano,Japan,2:11:24,,,
Berlin,2017,Men,8,Ryan Vail,United States,2:12:40,,,
Berlin,2017,Men,9,Liam Adams,Australia,2:12:52,,,
Berlin,2017,Men,10,Jonathan Mellor,Great Britain,2:12:57,,,
Berlin,2017,Women,1,Gladys Cherono,Kenya,2:20:23,,,
Berlin,2017,Women,2,Ruti Aga,Ethiopia,2:20:41,,,
Berlin,2017,Women,3,Valary Aiyabei,Kenya,2:20:53,,,
Berlin,2017,Women,4,Helen Tola,Ethiopia,2:22:51,,,
Berlin,2017,Women,5,Anna Hahner,Germany,2:28:32,,,
Berlin,2017,Women,6,Catherine Bertone,Italy,2:28:34,,,
Berlin,2017,Women,7,Sonia Samuels,United Kingdom,2:29:34,,,
Berlin,2017,Women,8,Azucena Diaz,Spain,2:30:31,,,
Berlin,2017,Women,9,Catarina Ribeiro,Portugal,2:33:13,,,
Berlin,2017,Women,10,Kim Dillen,Netherlands,2:33:24,,,
Boston,2017,Men,1,Geoffrey Kirui,Kenya,2:09:37,,,
Boston,2017,Men,2,Galen Rupp,United States,2:09:58,,,
Boston,2017,Men,3,Suguru Osako,Japan,2:10:28,,,
Boston,2017,Women,1,Edna Kiplagat,Kenya,2:21:52,,,
Boston,2017,Women,2,Rose Chelimo,Bahrain,2:22:51,,,
Boston,2017,Women,3,Jordan Hasay,United States,2:23:00,,,
Chicago,2017,Men,1,Galen Rupp,United States,2:09:20,,,
Chicago,2017,Men,2,Abel Kirui,Kenya,2:09:48,,,
Chicago,2017,Men,3,Bernard Kipyego,Kenya,2:10:23,,,
Chicago,2017,Men,4,Sisay Lemma,Ethiopia,2:11:01,,,
Chicago,2017,Men,5,Stephen Sambu,Kenya,2:11:07,,,
Chicago,2017,Men,6,Kohei Matsumura,Japan,2:11:46,,,
Chicago,2017,Men,7,Ezekiel Kiptoo Chebii,Kenya,2:12:12,,,
Chicago,2017,Men,8,Zersenay Tadese,Eritrea,2:12:19,,,
Chicago,2017,Men,9,Chris Derrick,United States,2:12:50,,,
Chicago,2017,Men,10,Michael Shelley,Australia,2:12:52,,,
Chicago,2017,Women,1,Tirunesh Dibaba,Ethiopia,2:18:30,,,
Chicago,2017,Women,2,Brigid Kosgei,Kenya,2:20:22,,,
Chicago,2017,Women,3,Jordan Hasay,United States,2:20:57,,,
Chicago,2017,Women,4,Madaí Pérez,Mexico,2:24:44,,,
Chicago,2017,Women,5,Valentine Kipketer,Kenya,2:28:05,,,
Chicago,2017,Women,6,Lisa Weightman,Australia,2:28:45,,,
Chicago,2017,Women,7,Maegan Krifchin,United States,2:33:46,,,
Chicago,2017,Women,8,Alia Gray,United States,2:34:25,,,
Chicago,2017,Women,9,Taylor Ward,United States,2:35:27,,,
Chicago,2017,Women,10,Becky Wade,United States,2:35:46,,,
London,2017,Men,1,Daniel Wanjiru,Kenya,2:05:48,,,
London,2017,Men,2,Kenenisa Bekele,Ethiopia,2:05:57,,,
London,2017,Men,3,Bedan Karoki Muchiri,Kenya,2:07:41,,,
London,2017,Men,4,Abel Kirui,Kenya,2:07:45,,,
London,2017,Men,5,Alphonce Simbu,Tanzania,2:09:10,,,
London,2017,Men,6,Ghirmay Ghebreslassie,Eritrea,2:09:57,,,
London,2017,Men,7,Assefa Mengistu,Ethiopia,2:10:04,,,
London,2017,Men,8,Amanuel Mesel,Eritrea,2:10:44,,,
London,2017,Men,9,Javier Guerra,Spain,2:10:55,,,
London,2017,Men,10,Michael Shelley,Australia,2:11:38,,,
London,2017,Men,11,Ayad Lamdassem,Spain,2:12:30,,,
London,2017,Men,12,Feyisa Lilesa,Ethiopia,2:14:12,,,
London,2017,Men,13,Ghebrezgiabhier Kibrom,Eritrea,2:14:52,,,
London,2017,Men,14,Josh Griffiths,United Kingdom,2:14:54,,,
London,2017,Men,15,Abdellatif Meftah,France,2:14:55,,,
London,2017,Men,16,Robbie Simpson,United Kingdom,2:15:04,,,
London,2017,Men,17,Andrew Davies,United Kingdom,2:15:11,,,
London,2017,Men,18,Tesfaye Abera,Ethiopia,2:16:09,,,
London,2017,Men,19,Sean Hehir,Ireland,2:16:23,,,
London,2017,Men,20,Jesús Arturo Esparza,Mexico,2:16:38,,,
London,2017,Men,21,Scott Overall,United Kingdom,2:16:54,,,
London,2017,Men,22,Kevin Seaward,Ireland,2:17:08,,,
London,2017,Men,23,Matthew Sharp,United Kingdom,2:17:50,,,
London,2017,Men,24,Aaron Scott,United Kingdom,2:17:51,,,
London,2017,Men,25,Stephen Scullion,United Kingdom,2:18:05,,,
London,2017,Men,26,Jonathan Thewlis,United Kingdom,2:18:12,,,
London,2017,Men,27,Tesama Moogas,Israel,2:18:33,,,
London,2017,Men,28,Mick Clohisey,Ireland,2:18:34,,,
London,2017,Men,29,Jonathan Mellor,United Kingdom,2:18:48,,,
London,2017,Men,30,Tilahun Regassa,Ethiopia,2:18:53,,,
London,2017,Men,31,Stephen Kosgei Kibet,Kenya,,,,
London,2017,Men,32,Morris Munene,Kenya,,,,
London,2017,Men,33,John Lotiang,Kenya,,,,
London,2017,Men,34,Cosmas Jairus Birech,Kenya,,,,
London,2017,Men,35,Barsilias Serem Kipyego,Kenya,,,,
London,2017,Men,36,Simon Ndirangu,Kenya,,,,
London,2017,Women,1,Mary Jepkosgei Keitany,Kenya,2:17:01,,,
London,2017,Women,2,Tirunesh Dibaba,Ethiopia,2:17:56,,,
London,2017,Women,3,Aselefech Mergia,Ethiopia,2:23:08,,,
London,2017,Women,4,Vivian Cheruiyot,Kenya,2:23:50,,,
London,2017,Women,5,Lisa Jane Weightman,Australia,2:25:15,,,
London,2017,Women,6,Laura Thweatt,United States,2:25:38,,,
London,2017,Women,7,Helah Kiprop,Kenya,2:25:39,,,
London,2017,Women,8,Tigist Tufa,Ethiopia,2:25:52,,,
London,2017,Women,9,Florence Kiplagat,Kenya,2:26:25,,,
London,2017,Women,10,Jessica Trengove,Australia,2:27:01,,,
London,2017,Women,11,Aberu Kebede,Ethiopia,2:27:27,,,
London,2017,Women,12,Diana Lobačevskė,Lithuania,2:28:48,,,
London,2017,Women,13,Kellyn Taylor,United States,2:28:51,,,
London,2017,Women,14,Alyson Dixon,United Kingdom,2:29:06,,,
London,2017,Women,15,Charlotte Purdue,United Kingdom,2:29:23,,,
London,2017,Women,16,Tracy Barlow,United Kingdom,2:30:42,,,
London,2017,Women,17,Andrea Deelstra,Netherlands,2:31:32,,,
London,2017,Women,18,Tish Jones,United Kingdom,2:33:56,,,
London,2017,Women,19,Melanie Panayiotou,Australia,2:35:25,,,
London,2017,Women,20,Hanna Vandenbussche,Belgium,2:37:28,,,
London,2017,Women,21,Susan Partridge,United Kingdom,2:37:51,,,
London,2017,Women,22,Jenny Spink,United Kingdom,2:38:11,,,
London,2017,Women,23,Casey Wood,Australia,2:39:27,,,
London,2017,Women,24,Laura Graham,Ireland,2:42:38,,,
London,2017,Women,25,Krista DuChene,Canada,2:43:31,,,
London,2017,Women,26,Barbara Sanchez,Ireland,2:47:03,,,
London,2017,Women,27,Mare Dibaba,Ethiopia,,,,
London,2017,Women,28,Maja Neuenschwander,Switzerland,,,,
London,2017,Women,29,Jo Pavey,United Kingdom,,,,
London,2017,Women,30,Caroline Chepkoech Kipkirui,Kenya,,,,
London,2017,Women,31,Polline Wanjiku,Kenya,,,,
London,2017,Women,32,Joy Loyce,Kenya,,,,
London,2017,Women,33,Elizeba Cherono,Netherlands,,,,
London,2017,Women,34,Charlotte Arter,United Kingdom,,,,
London,2017,Women,35,Hannah Walker,United Kingdom,,,,
New,2017,Men,1,Geoffrey Kamworor,Kenya,2:10:53,,,
New,2017,Men,2,Wilson Kipsang Kiprotich,Kenya,2:10:56,,,
New,2017,Men,3,Lelisa Desisa,Ethiopia,2:11:32,,,
New,2017,Men,4,Lemi Berhanu Hayle,Ethiopia,2:11:52,,,
New,2017,Men,5,Tadesse Abraham,Switzerland,2:12:01,,,
New,2017,Men,6,Michel Butter,Netherlands,2:12:39,,,
New,2017,Men,7,Abdihakem Abdirahman,United States,2:12:48,,,
New,2017,Men,8,Koen Naert,Belgium,2:13:21,,,
New,2017,Men,9,Fikadu Girma,Ethiopia,2:13:58,,,
New,2017,Men,10,Shadrack Kiptoo Biwott,United States,2:14:57,,,
New,2017,Men,11,Meb Keflezighi,United States,2:15:29,,,
New,2017,Men,12,Jared Ward,United States,2:18:39,,,
New,2017,Men,13,Guteta Senbeto,Ethiopia,2:20:29,,,
New,2017,Men,14,Birhanu Dare,Ethiopia,2:21:30,,,
New,2017,Men,15,Brendan Martin,United States,2:22:36,,,
New,2017,Men,16,Harbert Okuti,Uganda,2:22:46,,,
New,2017,Men,17,John Metui,Kenya,2:23:40,,,
New,2017,Men,18,Girma Segni,Ethiopia,2:23:51,,,
New,2017,Men,19,Francesco Puppi,Italy,2:25:35,,,
New,2017,Men,20,Ghirmay Ghebreslassie,Eritrea,,,,
New,2017,Men,21,Bayron Piedra,Ecuador,,,,
New,2017,Women,1,Shalane Flanagan,United States,2:26:53,,,
New,2017,Women,2,Mary Jepkosgei Keitany,Kenya,2:27:54,,,
New,2017,Women,3,Mamitu Daska,Ethiopia,2:28:08,,,
New,2017,Women,4,Edna Kiplagat,Kenya,2:29:36,,,
New,2017,Women,5,Allie Kieffer,United States,2:29:39,,,
New,2017,Women,6,Sara Dossena,Italy,2:29:39,,,
New,2017,Women,7,Eva Vrabcová-Nývltová,Czech Republic,2:29:41,,,
New,2017,Women,8,Kellyn Taylor,United States,2:29:56,,,
New,2017,Women,9,Diane Nukuri,United States,2:31:21,,,
New,2017,Women,10,Stephanie Bruce,United States,2:31:44,,,
New,2017,Women,11,Bizunesh Deba,Ethiopia,2:32:01,,,
New,2017,Women,12,Christelle Daunay,France,2:32:09,,,
New,2017,Women,13,Aliphine Tuliamuk,United States,2:33:18,,,
New,2017,Women,14,Emma Quaglia,Italy,2:34:10,,,
New,2017,Women,15,Serkalem Biset,Ethiopia,2:34:23,,,
New,2017,Women,16,Askale Merachi,Ethiopia,2:36:38,,,
New,2017,Women,17,Adriana Aparecida da Silva,Brazil,2:37:22,,,
New,2017,Women,18,Jéssica Augusto,Portugal,2:37:33,,,
New,2017,Women,19,Belaynesh Fikadu,Ethiopia,2:39:01,,,
New,2017,Women,20,Lauren Knowles,United States,2:40:09,,,
New,2017,Women,21,Angela Ortiz†,United States,2:42:52,,,
New,2017,Women,22,Kaoru Nagao,Japan,2:44:26,,,
New,2017,Women,23,Kate Pallardy,United States,2:44:48,,,
New,2017,Women,24,Charlotte Karlsson,Sweden,2:45:52,,,
New,2017,Women,25,Jeanne Mack†,United States,2:45:54,,,
New,2017,Women,26,Beverly Ramos,Puerto Rico,2:46:45,,,
New,2017,Women,27,Manuela Soccol,Belgium,2:47:04,,,
New,2017,Women,28,Gloria Rita Giudici,Italy,2:47:30,,,
New,2017,Women,29,Rachael Keller†,United States,2:47:37,,,
New,2017,Women,30,Ana Johnson†,United States,2:49:39,,,
New,2017,Women,31,Bose Gemeda,Ethiopia,,,,
New,2017,Women,32,Janet Collar,United States,,,,
New,2017,Women,33,Heather Lieberg,United States,,,,
New,2017,Women,34,Betsy Saina,Kenya,,,,
Tokyo,2017,Men,1,Wilson Kipsang,Kenya,2:03:58,,,
Tokyo,2017,Men,2,Gideon Kipketer,Kenya,2:05:51,,,
Tokyo,2017,Men,3,Dickson Chumba,Kenya,2:06:25,,,
Tokyo,2017,Men,4,Evans Chebet,Kenya,2:06:42,,,
Tokyo,2017,Men,5,Alfers Lagat,Kenya,2:07:39,,,
Tokyo,2017,Men,6,Bernard Kipyego,Kenya,2:08:10,,,
Tokyo,2017,Men,7,Yohanes Ghebregergis,Eritrea,2:08:14,,,
Tokyo,2017,Men,8,Hiroto Inoue,Japan,2:08:22,,,
Tokyo,2017,Men,9,Tsegaye Kebede,Ethiopia,2:08:45,,,
Tokyo,2017,Men,10,Hiroyuki Yamamoto,Japan,2:09:12,,,
Tokyo,2017,Women,1,Sarah Chepchirchir,Kenya,2:19:47,,,
Tokyo,2017,Women,2,Birhane Dibaba,Ethiopia,2:21:19,,,
Tokyo,2017,Women,3,Amane Gobena,Ethiopia,2:23:09,,,
Tokyo,2017,Women,4,Ayaka Fujimoto,Japan,2:27:08,,,
Tokyo,2017,Women,5,Marta Lema,Ethiopia,2:27:37,,,
Tokyo,2017,Women,6,Sara Hall,United States,2:28:26,,,
Tokyo,2017,Women,7,Madoka Nakano,Japan,2:33:00,,,
Tokyo,2017,Women,8,Kotomi Takayama,Japan,2:34:44,,,
Tokyo,2017,Women,9,Hiroko Yoshimoto,Japan,2:35:11,,,
Tokyo,2017,Women,10,Mitsuko Ino,Japan,2:39:33,,,
Berlin,2018,Men,1,Eliud Kipchoge,Kenya,2:01:39,,,
Berlin,2018,Men,2,Amos Kipruto,Kenya,2:06:23,,,
Berlin,2018,Men,3,Wilson Kipsang,Kenya,2:06:48,,,
Berlin,2018,Men,4,Shogo Nakamura,Japan,2:08:16,,,
Berlin,2018,Men,5,Zersenay Tadese,Eritrea,2:08:46,,,
Berlin,2018,Men,6,Yuki Sato,Japan,2:09:18,,,
Berlin,2018,Men,7,Okubay Tsegay,Eritrea,2:09:56,,,
Berlin,2018,Men,8,Daisuke Uekado,Japan,2:11:07,,,
Berlin,2018,Men,9,Willy Canchanya,Peru,2:12:57,,,
Berlin,2018,Men,10,Bart van Nunen,Netherlands,2:13:09,,,
Berlin,2018,Men,11,Wellington Da Silva,Brazil,2:13:43,,,
Berlin,2018,Men,12,Vagner Da Silva Noronha,Brazil,2:14:57,,,
Berlin,2018,Men,13,Fernando Cabada,United States,2:15:00,,,
Berlin,2018,Men,14,Nick van Peborgh,Belgium,2:15:04,,,
Berlin,2018,Men,15,Thomas De Bock,Belgium,2:15:19,,,
Berlin,2018,Men,16,Kenta Murayama,Japan,2:15:37,,,
Berlin,2018,Men,17,Brendan Martin,United States,2:16:26,,,
Berlin,2018,Men,18,Malcolm Hicks,New Zealand,2:16:28,,,
Berlin,2018,Men,19,Paul Martelletti,New Zealand,2:16:39,,,
Berlin,2018,Men,20,Julian Spence,Australia,2:17:29,,,
Berlin,2018,Men,21,Luis Orta,Venezuela,2:17:48,,,
Berlin,2018,Men,22,Gary O'Hanlon,Ireland,2:19:06,,,
Berlin,2018,Men,23,Gerd Devos,Belgium,2:19:14,,,
Berlin,2018,Men,24,Berihun Wuve,Israel,2:19:45,,,
Berlin,2018,Men,25,Brady Threlfall,Australia,2:19:53,,,
Berlin,2018,Men,26,Valentin Harwardt,Germany,2:19:54,,,
Berlin,2018,Men,27,Antonio Cardona,Puerto Rico,2:20:18,,,
Berlin,2018,Men,28,Jeffrey Seelaus,United States,2:20:52,,,
Berlin,2018,Men,29,Ruben Sança,Cape Verde,2:21:01,,,
Berlin,2018,Men,30,Dirk Hübner,Germany,2:21:01,,,
Berlin,2018,Women,1,Gladys Cherono,Kenya,2:18:11,,,
Berlin,2018,Women,2,Ruti Aga,Ethiopia,2:18:34,,,
Berlin,2018,Women,3,Tirunesh Dibaba,Ethiopia,2:18:55,,,
Berlin,2018,Women,4,Edna Kiplagat,Kenya,2:21:18,,,
Berlin,2018,Women,5,Mizuki Matsuda,Japan,2:22:23,,,
Berlin,2018,Women,6,Helen Tola,Ethiopia,2:22:48,,,
Berlin,2018,Women,7,Honami Maeda,Japan,2:25:23,,,
Berlin,2018,Women,8,Carla Salomé Rocha,Portugal,2:25:27,,,
Berlin,2018,Women,9,Miyuki Uehara,Japan,2:25:46,,,
Berlin,2018,Women,10,Rei Ohara,Japan,2:27:29,,,
Berlin,2018,Women,11,Rachel Cliff,Canada,2:28:53,,,
Berlin,2018,Women,12,Lyndsay Tessier,Canada,2:30:47,,,
Berlin,2018,Women,13,Inés Melchor,Peru,2:32:09,,,
Berlin,2018,Women,14,Andrea Deelstra,Netherlands,2:32:41,,,
Berlin,2018,Women,15,Dawn Grunnagle,United States,2:34:56,,,
Berlin,2018,Women,16,Emma Spencer,United States,2:37:05,,,
Berlin,2018,Women,17,Cristina Jordán,Spain,2:37:14,,,
Berlin,2018,Women,18,Teresa Montrone,Italy,2:37:35,,,
Berlin,2018,Women,19,Caitlin Phillips,United States,2:37:48,,,
Berlin,2018,Women,20,Matea Parlov,Croatia,2:38:05,,,
Berlin,2018,Women,21,Arianne Raby,Canada,2:39:37,,,
Berlin,2018,Women,22,Catherine Watkins,Canada,2:40:11,,,
Berlin,2018,Women,23,Alexandra Cadicamo,United States,2:40:37,,,
Berlin,2018,Women,24,Tomomi Sawahata,Japan,2:40:50,,,
Berlin,2018,Women,25,Stephanie Davis,United Kingdom,2:41:16,,,
Berlin,2018,Women,26,Séverine Hamel,France,2:41:34,,,
Berlin,2018,Women,27,Amanda Nurse,United States,2:41:48,,,
Berlin,2018,Women,28,Rachel Hannah,Canada,2:42:57,,,
Berlin,2018,Women,29,Sarah Klein,Australia,2:43:29,,,
Berlin,2018,Women,30,Marie Zanderson,United States,2:44:27,,,
Boston,2018,Men,1,Yuki Kawauchi,Japan,2:15:58,,,
Boston,2018,Men,2,Geoffrey Kirui,Kenya,2:18:23,,,
Boston,2018,Men,3,Shadrack Biwott,United States,2:18:35,,,
Boston,2018,Women,1,Desiree Linden,United States,2:39:54,,,
Boston,2018,Women,2,Sarah Sellers,United States,2:44:04,,,
Boston,2018,Women,3,Krista DuChene,Canada,2:44:20,,,
Chicago,2018,Men,1,Mo Farah,Great Britain,2:05:11,,,
Chicago,2018,Men,2,Mosinet Geremew,Ethiopia,2:05:24,,,
Chicago,2018,Men,3,Suguru Osako,Japan,2:05:50,,,
Chicago,2018,Men,4,Kenneth Kipkemoi,Kenya,2:05:57,,,
Chicago,2018,Men,5,Galen Rupp,United States,2:06:21,,,
Chicago,2018,Men,6,Geoffrey Kirui,Kenya,2:06:45,,,
Chicago,2018,Men,7,Abel Kirui,Kenya,2:07:52,,,
Chicago,2018,Men,8,Taku Fujimoto,Japan,2:07:57,,,
Chicago,2018,Men,9,Bedan Karoki,Kenya,2:07:59,,,
Chicago,2018,Men,10,Birhanu Legese,Ethiopia,2:08:41,,,
Chicago,2018,Women,1,Brigid Kosgei,Kenya,2:18:35,,,
Chicago,2018,Women,2,Roza Dereje,Ethiopia,2:21:18,,,
Chicago,2018,Women,3,Shure Demise,Ethiopia,2:22:15,,,
Chicago,2018,Women,4,Florence Kiplagat,Kenya,2:26:08,,,
Chicago,2018,Women,5,Veronicah Nyaruai,Kenya,2:31:34,,,
Chicago,2018,Women,6,Sarah Crouch,United States,2:32:37,,,
Chicago,2018,Women,7,Taylor Ward,United States,2:32:42,,,
Chicago,2018,Women,8,Kate Landau,United States,2:33:24,,,
Chicago,2018,Women,9,Melanie Myrand,Canada,2:34:08,,,
Chicago,2018,Women,10,Marci Klimek,United States,2:34:53,,,
London,2018,Men,1,Eliud Kipchoge,Kenya,2:04:17,,,
London,2018,Men,2,Shura Kitata Tola,Ethiopia,2:04:49,,,
London,2018,Men,3,Mo Farah,United Kingdom,2:06:21,,,
London,2018,Men,4,Abel Kirui,Kenya,2:07:07,,,
London,2018,Men,5,Bedan Karoki Muchiri,Kenya,2:08:34,,,
London,2018,Men,6,Kenenisa Bekele,Ethiopia,2:08:53,,,
London,2018,Men,7,Lawrence Cherono,Kenya,2:09:25,,,
London,2018,Men,8,Daniel Wanjiru,Kenya,2:10:35,,,
London,2018,Men,9,Amanuel Mesel,Eritrea,2:11:52,,,
London,2018,Men,10,Yohanes Ghebregergis,Eritrea,2:12:09,,,
London,2018,Men,11,Ihor Olefirenko,Ukraine,2:15:06,,,
London,2018,Men,12,Stephen Scullion,Ireland,2:15:55,,,
London,2018,Men,13,Fernando Cabada,United States,2:17:39,,,
London,2018,Men,14,Jonathan Mellor,United Kingdom,2:17:55,,,
London,2018,Men,15,Sam Chelanga,United States,2:21:17,,,
London,2018,Men,16,Tatsunori Hamasaki,Japan,2:25:42,,,
London,2018,Men,17,Guye Adola,Ethiopia,2:32:35,,,
London,2018,Men,18,Matt Clowes,United Kingdom,2:43:16,,,
London,2018,Men,19,Ghirmay Ghebreslassie,Eritrea,,,,
London,2018,Women,1,Vivian Cheruiyot,Kenya,2:18:31,,,
London,2018,Women,2,Brigid Kosgei,Kenya,2:20:13,,,
London,2018,Women,3,Tadelech Bekele,Ethiopia,2:21:40,,,
London,2018,Women,4,Gladys Cherono Kiprono,Kenya,2:24:10,,,
London,2018,Women,5,Mary Jepkosgei Keitany,Kenya,2:24:27,,,
London,2018,Women,6,Rose Chelimo,Bahrain,2:26:03,,,
London,2018,Women,7,Mare Dibaba,Ethiopia,2:27:45,,,
London,2018,Women,8,Lily Partridge,United Kingdom,2:29:24,,,
London,2018,Women,9,Tracy Barlow,United Kingdom,2:32:09,,,
London,2018,Women,10,Stephanie Bruce,United States,2:32:28,,,
London,2018,Women,11,Rebecca Wade,United States,2:35:01,,,
London,2018,Women,12,Rebecca Murray,United Kingdom,2:39:37,,,
London,2018,Women,13,Liz Costello,United States,2:40:04,,,
London,2018,Women,14,Tirunesh Dibaba,Ethiopia,,,,
London,2018,Women,15,Tigist Tufa,Ethiopia,,,,
New,2018,Men,1,Lelisa Desisa,Ethiopia,2:05:59,,,
New,2018,Men,2,Shura Kitata,Ethiopia,2:06:01,,,
New,2018,Men,3,Geoffrey Kamworor,Kenya,2:06:26,,,
New,2018,Men,4,Tamirat Tola,Ethiopia,2:08:30,,,
New,2018,Men,5,Daniel Wanjiru,Kenya,2:10:21,,,
New,2018,Men,6,Jared Ward,United States,2:12:24,,,
New,2018,Men,7,Scott Fauble,United States,2:12:28,,,
New,2018,Men,8,Festus Talam,Kenya,2:12:40,,,
New,2018,Men,9,Shadrack Biwott,United States,2:12:52,,,
New,2018,Men,10,Chris Derrick,United States,2:13:08,,,
New,2018,Women,1,Mary Keitany,Kenya,2:22:48,,,
New,2018,Women,2,Vivian Cheruiyot,Kenya,2:26:02,,,
New,2018,Women,3,Shalane Flanagan,United States,2:26:22,,,
New,2018,Women,4,Molly Huddle,United States,2:26:44,,,
New,2018,Women,5,Rahma Tusa,Ethiopia,2:27:13,,,
New,2018,Women,6,Des Linden,United States,2:27:51,,,
New,2018,Women,7,Allie Kieffer,United States,2:28:12,,,
New,2018,Women,8,Lisa Jane Weightman,Australia,2:29:11,,,
New,2018,Women,9,Mamitu Daska,Ethiopia,2:30:31,,,
New,2018,Women,10,Belaynesh Fikadu,Ethiopia,2:30:47,,,
Tokyo,2018,Men,1,Dickson Chumba,Kenya,2:05:30,,,
Tokyo,2018,Men,2,Yuta Shitara,Japan,2:06:11,,,
Tokyo,2018,Men,3,Amos Kipruto,Kenya,2:06:33,,,
Tokyo,2018,Men,4,Gideon Kipketer,Kenya,2:06:47,,,
Tokyo,2018,Men,5,Hiroto Inoue,Japan,2:06:54,,,
Tokyo,2018,Men,6,Feyisa Lilesa,Ethiopia,2:07:30,,,
Tokyo,2018,Men,7,Ryo Kiname,Japan,2:08:08,,,
Tokyo,2018,Men,8,Chihiro Miyawaki,Japan,2:08:45,,,
Tokyo,2018,Men,9,Kenji Yamamoto,Japan,2:08:48,,,
Tokyo,2018,Men,10,Yuki Sato,Japan,2:08:58,,,
Tokyo,2018,Men,11,Mohamed Reda El Aaraby,Morocco,2:09:18,,,
Tokyo,2018,Men,12,Kohei Ogino,Japan,2:09:36,,,
Tokyo,2018,Men,13,Tadashi Isshiki,Japan,2:09:43,,,
Tokyo,2018,Men,14,Akinobu Murasawa,Japan,2:09:47,,,
Tokyo,2018,Men,15,Simon Kariuki,Kenya,2:10:00,,,
Tokyo,2018,Men,16,Asuka Tanaka,Japan,2:10:13,,,
Tokyo,2018,Men,17,Hiroki Yamagishi,Japan,2:10:14,,,
Tokyo,2018,Men,18,Daichi Kamino,Japan,2:10:18,,,
Tokyo,2018,Men,19,Kengo Suzuki,Japan,2:10:21,,,
Tokyo,2018,Men,20,Tsegaye Mekonnen,Ethiopia,2:10:26,,,
Tokyo,2018,Women,1,Birhane Dibaba,Ethiopia,2:19:51,,,
Tokyo,2018,Women,2,Ruti Aga,Ethiopia,2:21:19,,,
Tokyo,2018,Women,3,Amy Cragg,United States,2:21:42,,,
Tokyo,2018,Women,4,Shure Demise,Ethiopia,2:22:07,,,
Tokyo,2018,Women,5,Helah Kiprop,Kenya,2:28:58,,,
Tokyo,2018,Women,6,Hiroko Yoshitomi,Japan,2:30:16,,,
Tokyo,2018,Women,7,Madoka Nakano,Japan,2:31:41,,,
Tokyo,2018,Women,8,Mao Uesugi,Japan,2:31:49,,,
Tokyo,2018,Women,9,Marie Imada,Japan,2:32:00,,,
Tokyo,2018,Women,10,Zhang Meixia,China,2:33:02,,,
Tokyo,2018,Women,11,Asuka Yamamoto,Japan,2:34:26,,,
Tokyo,2018,Women,12,Yoshiko Sakamoto,Japan,2:35:40,,,
Tokyo,2018,Women,13,Nana Sato,Japan,2:37:34,,,
Tokyo,2018,Women,14,Yumiko Kinoshita,Japan,2:38:51,,,
Tokyo,2018,Women,15,Haruka Yamaguchi,Japan,2:39:42,,,
Tokyo,2018,Women,16,Kasumi Takahama,Japan,2:39:49,,,
Tokyo,2018,Women,17,Momoko Tanaka,Japan,2:42:09,,,
Tokyo,2018,Women,18,Shinobu Ayabe,Japan,2:42:31,,,
Tokyo,2018,Women,19,Minami Nakashima,Japan,2:43:16,,,
Tokyo,2018,Women,20,Shiori Shimomura,Japan,2:43:27,,,
Berlin,2019,Men,1,Kenenisa Bekele,Ethiopia,2:01:41,,,
Berlin,2019,Men,2,Birhanu Legese,Ethiopia,2:02:48,,,
Berlin,2019,Men,3,Sisay Lemma,Ethiopia,2:03:36,,,
Berlin,2019,Men,4,Jonathan Korir,Kenya,2:06:45,,,
Berlin,2019,Men,5,Felix Kandie,Kenya,2:08:07,,,
Berlin,2019,Men,6,Yohanes Gebregergish,Eritrea,2:08:26,,,
Berlin,2019,Men,7,Dong Guojian,China,2:08:28,,,
Berlin,2019,Men,8,Bethwel Yegon,Kenya,2:08:35,,,
Berlin,2019,Men,9,Kenta Murayama,Japan,2:08:56,,,
Berlin,2019,Men,10,Abel Kipchumba,Kenya,2:09:39,,,
Berlin,2019,Women,1,Ashete Bekere,Ethiopia,2:20:14,,,
Berlin,2019,Women,2,Mare Dibaba,Ethiopia,2:20:21,,,
Berlin,2019,Women,3,Sally Chepyego Kaptich,Kenya,2:21:06,,,
Berlin,2019,Women,4,Helen Tola,Ethiopia,2:21:36,,,
Berlin,2019,Women,5,Sara Hall,United States,2:22:16,,,
Berlin,2019,Women,6,Melat Yisak Kejeta,Germany,2:23:57,,,
Berlin,2019,Women,7,Sally Kipyego,United States,2:25:10,,,
Berlin,2019,Women,8,Haftamnesh Tesfaye,Ethiopia,2:26:50,,,
Berlin,2019,Women,9,Martina Strähl,Switzerland,2:31:24,,,
Berlin,2019,Women,10,Nina Lauwaert,Belgium,2:31:25,,,
Boston,2019,Men,1,Lawrence Cherono,Kenya,2:07:57,,,
Boston,2019,Men,2,Lelisa Desisa,Ethiopia,2:07:59,,,
Boston,2019,Men,3,Kenneth Kipkemoi,Kenya,2:08:07,,,
Boston,2019,Men,4,Felix Kandie,Kenya,2:08:54,4th,,
Boston,2019,Men,5,Geoffrey Kirui,Kenya,2:08:55,5th,,
Boston,2019,Men,6,Philemon Rono,Kenya,2:08:57,6th,,
Boston,2019,Men,7,Scott Fauble,United States,2:09:09,7th,,
Boston,2019,Men,8,Jared Ward,United States,2:09:25,8th,,
Boston,2019,Men,9,Festus Talam,Kenya,2:09:25,9th,,
Boston,2019,Men,10,Benson Kipruto,Kenya,2:09:53,10th,,
Boston,2019,Women,1,Worknesh Degefa,Ethiopia,2:23:31,,,
Boston,2019,Women,2,Edna Kiplagat,Kenya,2:24:13,,,
Boston,2019,Women,3,Jordan Hasay,United States,2:25:20,,,
Boston,2019,Women,4,Meskerem Assefa,Ethiopia,2:25:40,4th,,
Boston,2019,Women,5,Des Linden,United States,2:27:00,5th,,
Boston,2019,Women,6,Caroline Rotich,Kenya,2:28:27,6th,,
Boston,2019,Women,7,Mary Ngugi,Kenya,2:28:33,7th,,
Boston,2019,Women,8,Biruktayit Eshetu,Ethiopia,2:29:10,8th,,
Boston,2019,Women,9,Lindsay Flanagan,United States,2:30:07,9th,,
Boston,2019,Women,10,Betsy Saina,Kenya,2:30:32,10th,,
Chicago,2019,Men,1,Lawrence Cherono,Kenya,2:05:45,,,
Chicago,2019,Men,2,Dejene Debela,Ethiopia,2:05:46,,,
Chicago,2019,Men,3,Asefa Mengstu,Ethiopia,2:05:48,,,
Chicago,2019,Men,4,Bedan Karoki Muchiri,Kenya,2:05:53,,,
Chicago,2019,Men,5,Bashir Abdi,Belgium,2:06:14,,,
Chicago,2019,Men,6,Seifu Tura,Ethiopia,2:08:35,,,
Chicago,2019,Men,7,Dickson Chumba,Kenya,2:09:11,,,
Chicago,2019,Men,8,Mo Farah,United Kingdom,2:09:58,,,
Chicago,2019,Men,9,Jacob Riley,United States,2:10:36,,,
Chicago,2019,Men,10,Jerrell Mock,United States,2:10:37,,,
Chicago,2019,Women,1,Brigid Kosgei,Kenya,2:14:04,,,
Chicago,2019,Women,2,Ababel Yeshaneh,Ethiopia,2:20:51,,,
Chicago,2019,Women,3,Gelete Burka,Ethiopia,2:20:55,,,
Chicago,2019,Women,4,Emma Bates,United States,2:25:27,,,
Chicago,2019,Women,5,Fionnuala McCormack,Ireland,2:26:47,,,
Chicago,2019,Women,6,Stephanie Bruce,United States,2:27:47,,,
Chicago,2019,Women,7,Lindsay Flanagan,United States,2:28:08,,,
Chicago,2019,Women,8,Laura Thweatt,United States,2:29:06,,,
Chicago,2019,Women,9,Lisa Weightman,Australia,2:29:45,,,
Chicago,2019,Women,10,Taylor Ward,United States,2:30:14,,,
London,2019,Men,1,Eliud Kipchoge,Kenya,2:02:37,,,
London,2019,Men,2,Mosinet Geremew,Ethiopia,2:02:55,,,
London,2019,Men,3,Mule Wasihun,Ethiopia,2:03:16,,,
London,2019,Men,4,Shura Kitata,Ethiopia,2:05:01,,4.0,
London,2019,Men,5,Mo Farah,United Kingdom,2:05:39,,5.0,
London,2019,Men,6,Tamirat Tola,Ethiopia,2:06:57,,6.0,
London,2019,Men,7,Bashir Abdi,Belgium,2:07:03,,7.0,
London,2019,Men,8,Leul Gebresilase,Ethiopia,2:07:15,,8.0,
London,2019,Men,9,Yassine Rachik,Italy,2:08:05,,9.0,
London,2019,Men,10,Callum Hawkins,United Kingdom,2:08:14,,10.0,
London,2019,Women,1,Brigid Kosgei,Kenya,2:18:20,,,
London,2019,Women,2,Vivian Cheruiyot,Kenya,2:20:14,,,
London,2019,Women,3,Roza Dereje,Ethiopia,2:20:51,,,
London,2019,Women,4,Gladys Cherono Kiprono,Kenya,2:20:52,,,4.0
London,2019,Women,5,Mary Jepkosgei Keitany,Kenya,2:20:58,,,5.0
London,2019,Women,6,Emily Sisson,United States,2:23:08,,,6.0
London,2019,Women,7,Sinead Diver,Australia,2:24:11,,,7.0
London,2019,Women,8,Carla Salomé Rocha,Portugal,2:24:47,,,8.0
London,2019,Women,9,Birhane Dibaba,Ethiopia,2:25:04,,,9.0
London,2019,Women,10,Charlotte Purdue,United Kingdom,2:25:38,,,10.0
New,2019,Men,1,Geoffrey Kamworor,Kenya,2:08:13,,,
New,2019,Men,2,Albert Korir,Kenya,2:08:36,,,
New,2019,Men,3,Girma Bekele Gebre,Ethiopia,2:08:38,,,
New,2019,Men,4,Tamirat Tola,Ethiopia,2:09:20,,,
New,2019,Men,5,Shura Kitata,Ethiopia,2:10:39,,,
New,2019,Men,6,Jared Ward,United States,2:10:45,,,
New,2019,Men,7,Stephen Sambu,Kenya,2:11:11,,,
New,2019,Men,8,Yoshiki Takenouchi,Japan,2:11:18,,,
New,2019,Men,9,Abdihakem Abdirahman,United States,2:11:34,,,
New,2019,Men,10,Connor McMillan,United States,2:12:07,,,
New,2019,Women,1,Joyciline Jepkosgei,Kenya,2:22:38,,,
New,2019,Women,2,Mary Keitany,Kenya,2:23:32,,,
New,2019,Women,3,Ruti Aga,Ethiopia,2:25:51,,,
New,2019,Women,4,Nancy Kiprop,Kenya,2:26:21,,,
New,2019,Women,5,Sinead Diver,Australia,2:26:23,,,
New,2019,Women,6,Des Linden,United States,2:26:46,,,
New,2019,Women,7,Kellyn Taylor,United States,2:26:52,,,
New,2019,Women,8,Ellie Pashley,Australia,2:27:07,,,
New,2019,Women,9,Belaynesh Fikadu,Ethiopia,2:27:27,,,
New,2019,Women,10,Mary Wacera Ngugi,Kenya,2:27:36,,,
Tokyo,2019,Men,1,Birhanu Legese,Ethiopia,2:04:48,,,
Tokyo,2019,Men,2,Bedan Karoki,Kenya,2:06:48,,,
Tokyo,2019,Men,3,Dickson Chumba,Kenya,2:08:44,,,
Tokyo,2019,Men,4,Simon Kariuki,Kenya,2:09:41,,,
Tokyo,2019,Men,5,Kensuke Horio,Japan,2:10:21,,,
Tokyo,2019,Men,6,Masato Imai,Japan,2:10:30,,,
Tokyo,2019,Men,7,Takuya Fujikawa,Japan,2:10:35,,,
Tokyo,2019,Men,8,Daichi Kamino,Japan,2:11:05,,,
Tokyo,2019,Men,9,Ryu Takaku,Japan,2:11:49,,,
Tokyo,2019,Men,10,Tadashi Isshiki,Japan,2:12:21,,,
Tokyo,2019,Men,11,Shohei Otsuka,Japan,2:12:36,,,
Tokyo,2019,Men,12,Ryo Kuchimachi,Japan,2:13:30,,,
Tokyo,2019,Men,13,Yuki Munakata,Japan,2:13:47,,,
Tokyo,2019,Men,14,Keita Shitara,Japan,2:14:41,,,
Tokyo,2019,Men,15,Shogo Nakamura,Japan,2:14:52,,,
Tokyo,2019,Men,16,Yuki Sato,Japan,2:15:07,,,
Tokyo,2019,Men,17,Hiroto Kanamuri,Japan,2:15:37,,,
Tokyo,2019,Men,18,Toshiki Sadakata,Japan,2:15:53,,,
Tokyo,2019,Men,19,Hiroto Kunishi,Japan,2:15:59,,,
Tokyo,2019,Men,20,Hidenori Nagai,Japan,2:16:08,,,
Tokyo,2019,Women,1,Ruti Aga,Ethiopia,2:20:40,,,
Tokyo,2019,Women,2,Helen Tola,Ethiopia,2:21:01,,,
Tokyo,2019,Women,3,Shure Demise,Ethiopia,2:21:05,,,
Tokyo,2019,Women,4,Florence Kiplagat,Kenya,2:21:50,,,
Tokyo,2019,Women,5,Bedatu Hirpa,Ethiopia,2:23:43,,,
Tokyo,2019,Women,6,Ababel Yeshaneh,Ethiopia,2:24:02,,,
Tokyo,2019,Women,7,Mao Ichiyama,Japan,2:24:33,,,
Tokyo,2019,Women,8,Joan Chelimo,Kenya,2:26:24,,,
Tokyo,2019,Women,9,Rose Chelimo,Bahrain,2:30:35,,,
Tokyo,2019,Women,10,Ruth Chebitok,Kenya,2:31:19,,,
Tokyo,2019,Women,11,Yebrgual Melese,Ethiopia,2:31:40,,,
Tokyo,2019,Women,12,Honami Maeda,Japan,2:31:42,,,
Tokyo,2019,Women,13,Hiroko Yoshitomi,Japan,2:32:30,,,
Tokyo,2019,Women,14,Mao Kiyota,Japan,2:33:04,,,
Tokyo,2019,Women,15,Haruka Yamaguchi,Japan,2:33:41,,,
Tokyo,2019,Women,16,Mimi Belete,Bahrain,2:35:04,,,
Tokyo,2019,Women,17,Tsao Chunyu,Chinese Taipei,2:36:14,,,
Tokyo,2019,Women,18,Yoshiko Sakamoto,Japan,2:36:16,,,
Tokyo,2019,Women,19,Shiho Satonaka,Japan,2:36:37,,,
Tokyo,2019,Women,20,Keiko Nogami,Japan,2:38:23,,,
London,2020,Men,1,Shura Kitata,Ethiopia,02:05:41,,,
London,2020,Men,2,Vincent Kipchumba,Kenya,02:05:42,,,
London,2020,Men,3,Sisay Lemma,Ethiopia,02:05:45,,,
London,2020,Men,4,Mosinet Geremew,Ethiopia,02:06:04,,,
London,2020,Men,5,Mule Wasihun,Ethiopia,02:06:08,,,
London,2020,Men,6,Tamirat Tola,Ethiopia,02:06:41,,,
London,2020,Men,7,Benson Kipruto,Kenya,02:06:42,,,
London,2020,Men,8,Eliud Kipchoge,Kenya,02:06:49,,,
London,2020,Men,9,Sondre Nordstad Moen,Norway,02:09:01,,,
London,2020,Men,10,Marius Kipserem,Kenya,02:09:25,,,
London,2020,Women,1,Brigid Kosgei,Kenya,02:18:58,,,
London,2020,Women,2,Sara Hall,United States,02:22:01,,,
London,2020,Women,3,Ruth Chepng'etich,Kenya,02:22:05,,,
London,2020,Women,4,Ashete Bekere,Ethiopia,02:22:51,,,
London,2020,Women,5,Alemu Megertu,Ethiopia,02:24:23,,,
London,2020,Women,6,Molly Seidel,United States,02:25:13,,,
London,2020,Women,7,Gerda Steyn,South Africa,02:26:51,,,
London,2020,Women,8,Sinead Diver,Australia,02:27:07,,,
London,2020,Women,9,Darya Mykhaylova,Ukraine,02:27:29,,,
London,2020,Women,10,Valary Jemeli,Kenya,02:28:18,,,
Berlin,2021,Men,1,Guye Adola,Ethiopia,2:05:45,,,
Berlin,2021,Men,2,Bethwel Yegon,Kenya,2:06:14,,,
Berlin,2021,Men,3,Kenenisa Bekele,Ethiopia,2:06:47,,,
Berlin,2021,Men,4,Tadu Abate,Ethiopia,2:08:24,,,
Berlin,2021,Men,5,Cosmas Muteti,Kenya,2:08:45,,,
Berlin,2021,Men,6,Philemon Kacheran,Kenya,2:09:29,,,
Berlin,2021,Men,7,Okubay Tsegay,Eritrea,2:10:37,,,
Berlin,2021,Men,8,Benard Kimeli,Kenya,2:10:50,,,
Berlin,2021,Men,9,Hidekazu Hijikata,Japan,2:11:47,,,
Berlin,2021,Men,10,Hosea Kipkemboi,Kenya,2:12:25,,,
Berlin,2021,Women,1,Gotytom Gebreslase,Ethiopia,2:20:09,,,
Berlin,2021,Women,2,Hiwot Gebrekidan,Ethiopia,2:21:23,,,
Berlin,2021,Women,3,Helen Tola,Ethiopia,2:23:05,,,
Berlin,2021,Women,4,Edith Chelimo,Kenya,2:24:33,,,
Berlin,2021,Women,5,Shure Demise,Ethiopia,2:24:43,,,
Berlin,2021,Women,6,Fancy Chemutai,Kenya,2:24:58,,,
Berlin,2021,Women,7,Izabela Paszkiewicz,Poland,2:27:41,,,
Berlin,2021,Women,8,Ruth Chebitok,Kenya,2:28:18,,,
Berlin,2021,Women,9,Rabea Schöneborn,Germany,2:28:49,,,
Berlin,2021,Women,10,Martina Strähl,Switzerland,2:30:37,,,
Boston,2021,Men,1,Benson Kipruto,Kenya,2:09:51,,,
Boston,2021,Men,2,Lemi Berhanu,Ethiopia,2:10:37,,,
Boston,2021,Men,3,Jemal Yimer,Ethiopia,2:10:38,,,
Boston,2021,Men,4,Tsedat Ayana,Ethiopia,2:10:47,4.0,,
Boston,2021,Men,5,Leonard Barsoton,Kenya,2:11:11,5.0,,
Boston,2021,Men,6,Bayelign Teshager,Ethiopia,2:11:16,6.0,,
Boston,2021,Men,7,Colin Bennie,United States,2:11:26,7.0,,
Boston,2021,Men,8,Dejene Debela,Ethiopia,2:11:38,8.0,,
Boston,2021,Men,9,Wilson Chebet,Kenya,2:11:40,9.0,,
Boston,2021,Men,10,CJ Albertson,United States,2:11:44,10.0,,
Boston,2021,Women,1,Edna Kiplagat,Kenya,2:25:09,,,
Boston,2021,Women,2,Mary Ngugi,Kenya,2:25:20,,,
Boston,2021,Women,3,Monicah Ngige,Kenya,2:25:32,,,
Boston,2021,Women,4,Netsanet Gudeta,Ethiopia,2:26:09,4.0,,
Boston,2021,Women,5,Nell Rojas,United States,2:27:12,5.0,,
Boston,2021,Women,6,Workenesh Edesa,Ethiopia,2:27:38,6.0,,
Boston,2021,Women,7,Atsede Baysa,Ethiopia,2:28:04,7.0,,
Boston,2021,Women,8,Biruktayit Eshetu,Ethiopia,2:29:05,8.0,,
Boston,2021,Women,9,Tigist Abayechew,Kenya,2:29:06,9.0,,
Boston,2021,Women,10,Caroline Rotich,Kenya,2:29:54,10.0,,
Chicago,2021,Men,1,Seifu Tura,Ethiopia,2:06:12,,,
Chicago,2021,Men,2,Galen Rupp,United States,2:06:35,,,
Chicago,2021,Men,3,Eric Kiptanui,Kenya,2:06:51,,,
Chicago,2021,Men,4,Kengo Suzuki,Japan,2:08:50,,,
Chicago,2021,Men,5,Shifera Tamru,Ethiopia,2:09:39,,,
Chicago,2021,Men,6,Colin Mickow,United States,2:13:31,,,
Chicago,2021,Men,7,Nico Montanez,United States,2:13:55,,,
Chicago,2021,Men,8,Reuben Kipyego,Kenya,2:14:24,,,
Chicago,2021,Men,9,Reed Fischer,United States,2:14:41,,,
Chicago,2021,Men,10,Wilkerson Given,United States,2:14:55,,,
Chicago,2021,Women,1,Ruth Chepngetich,Kenya,2:22:31,,,
Chicago,2021,Women,2,Emma Bates,United States,2:24:20,,,
Chicago,2021,Women,3,Sara Hall,United States,2:27:19,,,
Chicago,2021,Women,4,Keira D'Amato,United States,2:28:22,,,
Chicago,2021,Women,5,Vivian Kiplagat,Kenya,2:29:14,,,
Chicago,2021,Women,6,Maegan Krifchin,United States,2:30:17,,,
Chicago,2021,Women,7,Carrie Verdon,United States,2:31:51,,,
Chicago,2021,Women,8,Sarah Pagano,United States,2:33:11,,,
Chicago,2021,Women,9,Meseret Belete,Ethiopia,2:33:14,,,
Chicago,2021,Women,10,Lindsay Flanagan,United States,2:33:20,,,
London,2021,Men,1,Sisay Lemma,Ethiopia,02:04:01,,,
London,2021,Men,2,Vincent Kipchumba,Kenya,02:04:28,,,
London,2021,Men,3,Mosinet Geremew,Ethiopia,02:04:41,,,
London,2021,Men,4,Evans Chebet,Kenya,02:05:43,,,
London,2021,Men,5,Birhanu Legese,Ethiopia,02:06:10,,,
London,2021,Men,6,Shura Kitata,Ethiopia,02:07:51,,,
London,2021,Men,7,Philip Sesemann,United Kingdom,02:12:58,,,
London,2021,Men,8,Josh Griffiths,United Kingdom,02:13:39,,,
London,2021,Men,9,Matthew Leach,United Kingdom,02:15:31,,,
London,2021,Men,10,Andrew Davies,United Kingdom,02:15:36,,,
London,2021,Women,1,Joyciline Jepkosgei,Kenya,02:17:43,,,
London,2021,Women,2,Degitu Azimeraw,Ethiopia,02:17:58,,,
London,2021,Women,3,Ashete Bekere,Ethiopia,02:18:18,,,
London,2021,Women,4,Brigid Kosgei,Kenya,02:18:40,,,
London,2021,Women,5,Lonah Chemtai Salpeter,Israel,02:18:54,,,
London,2021,Women,6,Valary Jemeli,Kenya,02:20:35,,,
London,2021,Women,7,Joan Melly,Kenya,02:21:23,,,
London,2021,Women,8,Zeineba Yimer,Ethiopia,02:21:40,,,
London,2021,Women,9,Tigist Girma,Ethiopia,02:22:45,,,
London,2021,Women,10,Charlotte Purdue,United Kingdom,02:23:26,,,
New,2021,Men,1,Albert Korir,Kenya,02:08:22,,,
New,2021,Men,2,Mohamed El Araby,Morocco,02:09:06,,,
New,2021,Men,3,Eyob Faniel,Italy,02:09:52,,,
New,2021,Men,4,Elkanah Kibet,United States,02:11:15,,,
New,2021,Men,5,Abdi Nageeye,Netherlands,02:11:39,,,
New,2021,Men,6,Kenenisa Bekele,Ethiopia,02:12:52,,,
New,2021,Men,7,Ben True,United States,02:12:53,,,
New,2021,Men,8,Nathan Martin,United States,02:12:57,,,
New,2021,Men,9,Kibiwott Kandie,Kenya,02:13:43,,,
New,2021,Men,10,Jared Ward,United States,02:13:43,,,
New,2021,Women,1,Peres Jepchirchir,Kenya,02:22:39,,,
New,2021,Women,2,Viola Cheptoo,Kenya,02:22:44,,,
New,2021,Women,3,Ababel Yeshaneh,Ethiopia,02:22:52,,,
New,2021,Women,4,Molly Seidel,United States,02:24:42,,,
New,2021,Women,5,Helalia Johannes,Namibia,02:26:09,,,
New,2021,Women,6,Kellyn Taylor,United States,02:26:10,,,
New,2021,Women,7,Annie Frisbie,United States,02:26:18,,,
New,2021,Women,8,Laura Thweatt,United States,02:27:00,,,
New,2021,Women,9,Grace Kahura,Kenya,02:30:32,,,
New,2021,Women,10,Stephanie Bruce,United States,02:31:05,,,
Berlin,2022,Men,1,Eliud Kipchoge,Kenya,2:01:09,,,
Berlin,2022,Men,2,Mark Korir,Kenya,2:05:58,,,
Berlin,2022,Men,3,Tadu Abate,Ethiopia,2:06:28,,,
Berlin,2022,Men,4,Andamlak Belihu,Ethiopia,2:06:40,,,
Berlin,2022,Men,5,Abel Kipchumba,Kenya,2:06:49,,,
Berlin,2022,Men,6,Limenih Getachew,Ethiopia,2:07:07,,,
Berlin,2022,Men,7,Kenya Sonota,Japan,2:07:14,,,
Berlin,2022,Men,8,Tatsuya Maruyama,Japan,2:07:50,,,
Berlin,2022,Men,9,Kento Kikutani,Japan,2:07:56,,,
Berlin,2022,Men,10,Zablon Chumba,Kenya,2:08:01,,,
Berlin,2022,Women,1,Tigist Assefa,Ethiopia,2:15:37,,,
Berlin,2022,Women,2,Rosemary Wanjiru,Kenya,2:18:00,,,
Berlin,2022,Women,3,Tigist Abayechew,Ethiopia,2:18:03,,,
Berlin,2022,Women,4,Workenesh Edesa,Ethiopia,2:18:51,,,
Berlin,2022,Women,5,Sisay Meseret Gola,Ethiopia,2:20:58,,,
Berlin,2022,Women,6,Keira D'Amato,United States,2:21:48,,,
Berlin,2022,Women,7,Rika Kaseda,Japan,2:21:55,,,
Berlin,2022,Women,8,Ayuko Suzuki,Japan,2:22:02,,,
Berlin,2022,Women,9,Sayaka Sato,Japan,2:22:13,,,
Berlin,2022,Women,10,Vibian Chepkirui,Kenya,2:22:21,,,
Boston,2022,Men,1,Evans Chebet,Kenya,2:06:51,,,
Boston,2022,Men,2,Lawrence Cherono,Kenya,2:07:21,,,
Boston,2022,Men,3,Benson Kipruto,Kenya,2:07:27,,,
Boston,2022,Men,4,Gabriel Geay,Tanzania,2:07:53,4.0,,
Boston,2022,Men,5,Eric Kiptanui,Kenya,2:08:47,5.0,,
Boston,2022,Men,6,Albert Korir,Kenya,2:08:50,6.0,,
Boston,2022,Men,7,Scott Fauble,United States,2:08:52,7.0,,
Boston,2022,Men,8,Jemal Yimer,Ethiopia,2:08:58,8.0,,
Boston,2022,Men,9,Elkanah Kibet,United States,2:09:07,9.0,,
Boston,2022,Men,10,Kinde Atanaw,Ethiopia,2:09:16,10.0,,
Boston,2022,Men,11,Lemi Berhanu,Ethiopia,2:09:43,11.0,,
Boston,2022,Men,12,Bethwel Yegon,Kenya,2:09:44,12.0,,
Boston,2022,Men,13,CJ Albertson,United States,2:10:23,13.0,,
Boston,2022,Men,14,Matthew McDonald,United States,2:10:35,14.0,,
Boston,2022,Men,15,Trevor Hofbauer,Canada,2:10:52,15.0,,
Boston,2022,Men,16,Reed Fischer,United States,2:10:54,16.0,,
Boston,2022,Men,17,Mick Iacofano,United States,2:11:48,17.0,,
Boston,2022,Men,18,Geoffrey Kamworor,Kenya,2:11:49,18.0,,
Boston,2022,Men,19,Colin Bennie,United States,2:12:08,19.0,,
Boston,2022,Men,20,Yuki Kawauchi,Japan,2:12:55,20.0,,
Boston,2022,Men,21,Mike Sayenko,United States,2:13:46,21.0,,
Boston,2022,Men,22,Jerrell Mock,United States,2:14:10,22.0,,
Boston,2022,Men,23,Jonas Hampton,United States,2:14:40,23.0,,
Boston,2022,Men,24,Ian Butler,United States,2:14:48,24.0,,
Boston,2022,Men,25,Paul Hogan,United States,2:15:08,25.0,,
Boston,2022,Men,26,Jared Ward,United States,2:15:24,26.0,,
Boston,2022,Men,27,Matthew Llano,United States,2:16:39,27.0,,
Boston,2022,Men,28,Benjamin Schneiderman,United States,2:18:36,28.0,,
Boston,2022,Men,29,Nico Montanez,United States,2:19:23,29.0,,
Boston,2022,Men,30,Tyler Pence,United States,2:19:39,30.0,,
Boston,2022,Women,1,Peres Jepchirchir,Kenya,2:21:01,,,
Boston,2022,Women,2,Ababel Yeshaneh,Ethiopia,2:21:05,,,
Boston,2022,Women,3,Mary Ngugi,Kenya,2:21:32,,,
Boston,2022,Women,4,Edna Kiplagat,Kenya,2:21:40,4.0,,
Boston,2022,Women,5,Monicah Ngige,Kenya,2:22:13,5.0,,
Boston,2022,Women,6,Viola Cheptoo,Kenya,2:23:47,6.0,,
Boston,2022,Women,7,Joyciline Jepkosgei,Kenya,2:24:43,7.0,,
Boston,2022,Women,8,Degitu Azimeraw,Ethiopia,2:25:23,8.0,,
Boston,2022,Women,9,Charlotte Purdue,United Kingdom,2:25:26,9.0,,
Boston,2022,Women,10,Nell Rojas,United States,2:25:57,10.0,,
Boston,2022,Women,11,Malindi Elmore,Canada,2:27:58,11.0,,
Boston,2022,Women,12,Stephanie Rothstein-Bruce,United States,2:28:02,12.0,,
Boston,2022,Women,13,Desiree Linden,United States,2:28:47,13.0,,
Boston,2022,Women,14,Dakotah Lindwurm,United States,2:29:55,14.0,,
Boston,2022,Women,15,Bria Wetsch,United States,2:30:42,15.0,,
Boston,2022,Women,16,Elaina Tabb,United States,2:31:34,16.0,,
Boston,2022,Women,17,Maegan Krifchin,United States,2:31:53,17.0,,
Boston,2022,Women,18,Kathy Derks,United States,2:34:54,18.0,,
Boston,2022,Women,19,Natasha Wodak,Canada,2:35:08,19.0,,
Boston,2022,Women,20,Angie Orjuela,Colombia,2:35:17,20.0,,
Boston,2022,Women,21,Sara Vaughn,United States,2:36:27,21.0,,
Boston,2022,Women,22,Aisling Cuffe,United States,2:37:23,22.0,,
Boston,2022,Women,23,Annmarie Tuxbury,United States,2:38:15,23.0,,
Boston,2022,Women,24,Kate Bazeley,Canada,2:38:26,24.0,,
Boston,2022,Women,25,Kayla Lampe,United States,2:38:38,25.0,,
Boston,2022,Women,26,Kaylee Flanagan,United States,2:39:26,26.0,,
Boston,2022,Women,27,Ashlee Powers,United States,2:39:59,27.0,,
Boston,2022,Women,28,Caitlin Phillips,United States,2:40:09,28.0,,
Boston,2022,Women,29,Kate Sanborn,United States,2:40:16,29.0,,
Boston,2022,Women,30,Katrina Morrissey,United States,2:40:19,30.0,,
Chicago,2022,Men,1,Benson Kipruto,Kenya,2:04:24,,,
Chicago,2022,Men,2,Seifu Tura Abdiwak,Ethiopia,2:04:49,,,
Chicago,2022,Men,3,John Korir,Kenya,2:05:01,,,
Chicago,2022,Men,4,Bernard Koech,Kenya,2:07:15,,,
Chicago,2022,Men,5,Shifera Tamru Aredo,Ethiopia,2:07:53,,,
Chicago,2022,Men,6,Kyohei Hosoya,Japan,2:08:05,,,
Chicago,2022,Men,7,Conner Mantz,United States,2:08:16,,,
Chicago,2022,Men,8,Hamza Sahli,Morocco,2:08:22,,,
Chicago,2022,Men,9,Eric Kiptanui,Kenya,2:08:26,,,
Chicago,2022,Men,10,Dong Guojian,China,2:08:53,,,
Chicago,2022,Women,1,Ruth Chepng'etich,Kenya,2:14:18,,,
Chicago,2022,Women,2,Emily Sisson,United States,2:18:29,,,
Chicago,2022,Women,3,Vivian Jerono Kiplagat,Kenya,2:20:52,,,
Chicago,2022,Women,4,Ruti Aga,Ethiopia,2:21:41,,,
Chicago,2022,Women,5,Waganesh Mekasha Amare,Ethiopia,2:23:41,,,
Chicago,2022,Women,6,Susanna Sullivan,United States,2:25:14,,,
Chicago,2022,Women,7,Sara Vaughn,United States,2:26:23,,,
Chicago,2022,Women,8,Maggie Montoya,United States,2:28:07,,,
Chicago,2022,Women,9,Sarah Inglis,United Kingdom,2:29:37,,,
Chicago,2022,Women,10,Makena Morley,United States,2:30:28,,,
London,2022,Men,1,Amos Kipruto,Kenya,02:04:39,,,
London,2022,Men,2,Leul Gebresilase,Ethiopia,02:05:12,,,
London,2022,Men,3,Bashir Abdi,Belgium,02:05:19,,,
London,2022,Men,4,Kinde Atanaw,Ethiopia,02:05:27,,,
London,2022,Men,5,Kenenisa Bekele,Ethiopia,02:05:53,,,
London,2022,Men,6,Birhanu Legese,Ethiopia,02:06:11,,,
London,2022,Men,7,Sisay Lemma,Ethiopia,02:07:26,,,
London,2022,Men,8,Brett Robinson,Australia,02:09:52,,,
London,2022,Men,9,Weynay Ghebresilasie,United Kingdom,02:11:57,,,
London,2022,Men,10,Philip Sesemann,United Kingdom,02:12:10,,,
London,2022,Women,1,Yalemzerf Yehualaw,Ethiopia,02:17:26,,,
London,2022,Women,2,Joyciline Jepkosgei,Kenya,02:18:07,,,
London,2022,Women,3,Alemu Megertu,Ethiopia,02:18:32,,,
London,2022,Women,4,Judith Jeptum Korir,Kenya,02:18:43,,,
London,2022,Women,5,Joan Chelimo Melly,Romania,02:19:27,,,
London,2022,Women,6,Ashete Bekere,Ethiopia,02:19:30,,,
London,2022,Women,7,Mary Ngugi,Kenya,02:20:22,,,
London,2022,Women,8,Sutume Asefa Kebede,Ethiopia,02:20:44,,,
London,2022,Women,9,Ai Hosoda,Japan,02:21:42,,,
London,2022,Women,10,Rose Harvey,United Kingdom,02:27:59,,,
New,2022,Men,1,Evans Chebet,Kenya,2:08:41,,,
New,2022,Men,2,Shura Kitata,Ethiopia,2:08:54,,,
New,2022,Men,3,Abdi Nageeye,Netherlands,2:10:31,,,
New,2022,Men,4,Mohamed Reda El Aaraby,Morocco,2:11:00,,,
New,2022,Men,5,Suguru Osako,Japan,2:11:31,,,
New,2022,Men,6,Tetsuya Yoroizaka,Japan,2:12:12,,,
New,2022,Men,7,Albert Korir,Kenya,2:13:27,,,
New,2022,Men,8,Daniele Meucci,Italy,2:13:29,,,
New,2022,Men,9,Scott Fauble,United States,2:13:35,,,
New,2022,Men,10,Reed Fischer,United States,2:15:23,,,
New,2022,Women,1,Sharon Lokedi,Kenya,2:23:23,,,
New,2022,Women,2,Lonah Chemtai Salpeter,Israel,2:23:30,,,
New,2022,Women,3,Gotytom Gebreslase,Ethiopia,2:23:39,,,
New,2022,Women,4,Edna Kiplagat,Kenya,2:24:16,,,
New,2022,Women,5,Viola Cheptoo Lagat,Kenya,2:25:34,,,
New,2022,Women,6,Hellen Obiri,Kenya,2:25:49,,,
New,2022,Women,7,Aliphine Tuliamuk,United States,2:26:18,,,
New,2022,Women,8,Emma Bates,United States,2:26:53,,,
New,2022,Women,9,Jessica Stenson,Australia,2:27:27,,,
New,2022,Women,10,Nell Rojas,United States,2:28:32,,,
Tokyo,2022,Men,1,Eliud Kipchoge,Kenya,02:02:40,,,
Tokyo,2022,Men,2,Amos Kipruto,Kenya,02:03:13,,,
Tokyo,2022,Men,3,Tamirat Tola,Ethiopia,02:04:14,,,
Tokyo,2022,Men,4,Kengo Suzuki,Japan,02:05:28,,,
Tokyo,2022,Men,5,Shura Kitata,Ethiopia,02:06:12,,,
Tokyo,2022,Men,6,Laban Korir,Kenya,02:06:37,,,
Tokyo,2022,Men,7,Kenya Sonata,Japan,02:07:23,,,
Tokyo,2022,Men,8,Shun Yuzawa,Japan,02:07:31,,,
Tokyo,2022,Men,9,Kento Kikutani,Japan,02:07:55,,,
Tokyo,2022,Men,10,Michael Githae,Kenya,02:07:55,,,
Tokyo,2022,Women,1,Brigid Kosgei,Kenya,02:16:02,,,
Tokyo,2022,Women,2,Ashete Bekere,Ethiopia,02:17:58,,,
Tokyo,2022,Women,3,Gotytom Gebreslase,Ethiopia,02:18:18,,,
Tokyo,2022,Women,4,Angela Tanui,Kenya,02:18:42,,,
Tokyo,2022,Women,5,Hiwot Gebrekidan,Ethiopia,02:19:10,,,
Tokyo,2022,Women,6,Mao Ichiyama,Japan,02:21:02,,,
Tokyo,2022,Women,7,Hitomi Niiya,Japan,02:21:17,,,
Tokyo,2022,Women,8,Sara Hall,United States,02:22:56,,,
Tokyo,2022,Women,9,Helen Bekele Tola,Ethiopia,02:24:33,,,
Tokyo,2022,Women,10,Kaori Morita,Japan,02:27:38,,,
Berlin,2023,Men,1,Eliud Kipchoge,Kenya,2:02:42,,,
Berlin,2023,Men,2,Vincent Kipkemoi,Kenya,2:03:13,,,
Berlin,2023,Men,3,Tadese Takele,Ethiopia,2:03:24,,,
Berlin,2023,Men,4,Ronald Korir,Kenya,2:04:22,,,
Berlin,2023,Men,5,Haftu Teklu,Ethiopia,2:04:42,,,
Berlin,2023,Men,6,Andualem Belay Shiferaw,Ethiopia,2:04:44,,,
Berlin,2023,Men,7,Amos Kipruto,Kenya,2:04:49,,,
Berlin,2023,Men,8,Philemon Kiplimo,Kenya,2:04:56,,,
Berlin,2023,Men,9,Amanal Petros,Germany,2:04:58,,,
Berlin,2023,Men,10,Bonface Kimutai Kiplimo,Kenya,2:05:05,,,
Berlin,2023,Women,1,Tigst Assefa,Ethiopia,2:11:53,,,
Berlin,2023,Women,2,Sheila Chepkirui,Kenya,2:17:49,,,
Berlin,2023,Women,3,Magdalena Shauri,Tanzania,2:18:41,,,
Berlin,2023,Women,4,Zeineba Yimer,Ethiopia,2:19:07,,,
Berlin,2023,Women,5,Senbere Teferi,Ethiopia,2:19:21,,,
Berlin,2023,Women,6,Dera Dida,Ethiopia,2:19:24,,,
Berlin,2023,Women,7,Workenesh Edesa,Ethiopia,2:19:40,,,
Berlin,2023,Women,8,Helen Bekele,Ethiopia,2:19:44,,,
Berlin,2023,Women,9,Charlotte Purdue,United Kingdom,2:22:17,,,
Berlin,2023,Women,10,Fikrte Wereta,Ethiopia,2:23:01,,,
Boston,2023,Men,1,Evans Chebet,Kenya,2:05:54,,,
Boston,2023,Men,2,Gabriel Geay,Tanzania,2:06:04,,,
Boston,2023,Men,3,Benson Kipruto,Kenya,2:06:06,,,
Boston,2023,Men,4,Albert Korir,Kenya,2:08:01,4.0,,
Boston,2023,Men,5,Zouhair Talbi,Morocco,2:08:35,5.0,,
Boston,2023,Men,6,Eliud Kipchoge,Kenya,2:09:23,6.0,,
Boston,2023,Men,7,Scott Fauble,United States,2:09:44,7.0,,
Boston,2023,Men,8,Hassan Chahdi,France,2:09:46,8.0,,
Boston,2023,Men,9,John Korir,Kenya,2:10:04,9.0,,
Boston,2023,Men,10,Matthew McDonald,United States,2:10:17,10.0,,
Boston,2023,Men,11,Connor Mantz,United States,2:10:25,11.0,,
Boston,2023,Men,12,CJ Albertson,United States,2:10:33,12.0,,
Boston,2023,Men,13,Nico Montanez,United States,2:10:52,13.0,,
Boston,2023,Men,14,Shura Kitata,Ethiopia,2:11:26,14.0,,
Boston,2023,Men,15,Andualem Belay,Ethiopia,2:11:50,15.0,,
Boston,2023,Men,16,Hendrik Pfeiffer,Germany,2:12:22,16.0,,
Boston,2023,Men,17,JP Flavin,United States,2:13:27,17.0,,
Boston,2023,Men,18,Turner Wiley,United States,2:13:57,18.0,,
Boston,2023,Men,19,Isaac Mpofu,Zimbabwe,2:14:08,19.0,,
Boston,2023,Men,20,Chad Hall,United States,2:14:13,20.0,,
Boston,2023,Men,21,Colin Mickow,United States,2:14:27,21.0,,
Boston,2023,Men,22,Mark Korir,Kenya,2:14:37,22.0,,
Boston,2023,Men,23,Ben True,United States,2:16:06,23.0,,
Boston,2023,Men,24,Connor Weaver,United States,2:16:25,24.0,,
Boston,2023,Men,25,Jonas Hampton,United States,2:17:05,25.0,,
Boston,2023,Men,26,Ian Butler,United States,2:17:55,26.0,,
Boston,2023,Men,27,Edward Mulder,United States,2:18:04,27.0,,
Boston,2023,Men,28,Joseph Whelan,United States,2:18:23,28.0,,
Boston,2023,Men,29,Zachary Ornelas,United States,2:20:08,29.0,,
Boston,2023,Men,30,Sam Chelanga,United States,2:20:20,30.0,,
Boston,2023,Women,1,Hellen Obiri,Kenya,2:21:38,,,
Boston,2023,Women,2,Amane Beriso,Ethiopia,2:21:50,,,
Boston,2023,Women,3,Lonah Salpeter,Israel,2:21:57,,,
Boston,2023,Women,4,Ababel Yeshaneh,Ethiopia,2:22:00,4th,,
Boston,2023,Women,5,Emma Bates,United States,2:22:10,5th,,
Boston,2023,Women,6,Nazret Weldu,Eritrea,2:23:25,6th,,
Boston,2023,Women,7,Angela Tanui,Kenya,2:24:12,7th,,
Boston,2023,Women,8,Hiwot Gebremaryam,Ethiopia,2:24:30,8th,,
Boston,2023,Women,9,Mary Ngugi,Kenya,2:24:33,9th,,
Boston,2023,Women,10,Gotytom Gebreslase,Ethiopia,2:24:34,10th,,
Boston,2023,Women,11,Aliphine Tuliamuk,United States,2:24:37,11th,,
Boston,2023,Women,12,Joyciline Jepkosgei,Kenya,2:24:44,12th,,
Boston,2023,Women,13,Viola Cheptoo,Kenya,2:24:49,13th,,
Boston,2023,Women,14,Nell Rojas,United States,2:24:51,14th,,
Boston,2023,Women,15,Nienke Brinkman,Netherlands,2:24:58,15th,,
Boston,2023,Women,16,Celestine Chepchirchir,Kenya,2:25:07,16th,,
Boston,2023,Women,17,Sara Hall,United States,2:25:48,17th,,
Boston,2023,Women,18,Desiree Linden,United States,2:27:18,18th,,
Boston,2023,Women,19,Vibian Chepkirui,Kenya,2:28:12,19th,,
Boston,2023,Women,20,Annie Frisbie,United States,2:28:45,20th,,
Boston,2023,Women,21,Atsede Baysa,Ethiopia,2:30:14,21st,,
Boston,2023,Women,22,Anna Rohrer,United States,2:30:52,22nd,,
Boston,2023,Women,23,Sydney Devore,United States,2:31:08,23rd,,
Boston,2023,Women,24,Maggie Montoya,United States,2:31:19,24th,,
Boston,2023,Women,25,Anne-Marie Blaney,United States,2:31:32,25th,,
Boston,2023,Women,26,Maegan Krifchin,United States,2:32:46,26th,,
Boston,2023,Women,27,Dakotah Lindwurm,United States,2:33:53,27th,,
Boston,2023,Women,28,Erika Kemp,United States,2:33:57,28th,,
Boston,2023,Women,29,Savannah Berry,United States,2:34:30,29th,,
Boston,2023,Women,30,Laura Thweatt,United States,2:34:35,30th,,
Chicago,2023,Men,1,Kelvin Kiptum,Kenya,02:00:35,,,
Chicago,2023,Men,2,Benson Kipruto,Kenya,02:04:02,,,
Chicago,2023,Men,3,Bashir Abdi,Belgium,02:04:32,,,
Chicago,2023,Men,4,John Korir,Kenya,02:05:09,,,
Chicago,2023,Men,5,Seifu Tura Abdiwak,Ethiopia,02:05:29,,,
Chicago,2023,Men,6,Conner Mantz,United States,02:07:47,,,
Chicago,2023,Men,7,Clayton Young,United States,02:08:00,,,
Chicago,2023,Men,8,Galen Rupp,United States,02:08:48,,,
Chicago,2023,Men,9,Sam Chelanga,United States,02:08:50,,,
Chicago,2023,Men,10,Takashi Ichida,Japan,02:08:57,,,
Chicago,2023,Women,1,Sifan Hassan,Netherlands,02:13:44,,,
Chicago,2023,Women,2,Ruth Chepngetich,Kenya,02:15:37,,,
Chicago,2023,Women,3,Megertu Alemu,Ethiopia,02:17:09,,,
Chicago,2023,Women,4,Joyciline Jepkosgei,Kenya,02:17:23,,,
Chicago,2023,Women,5,Tadu Teshome Nare,Ethiopia,02:20:04,,,
Chicago,2023,Women,6,Genzebe Dibaba Keneni,Ethiopia,02:21:47,,,
Chicago,2023,Women,7,Emily Sisson,United States,02:22:09,,,
Chicago,2023,Women,8,Molly Seidel,United States,02:23:07,,,
Chicago,2023,Women,9,Rose Harvey,United Kingdom,02:23:21,,,
Chicago,2023,Women,10,Sara Vaughn,United States,02:23:24,,,
London,2023,Men,1,Kelvin Kiptum,Kenya,02:01:25,,,
London,2023,Men,2,Geoffrey Kamworor,Kenya,02:04:23,,,
London,2023,Men,3,Tamirat Tola,Ethiopia,02:04:59,,,
London,2023,Men,4,Leul Gebresilase,Ethiopia,02:05:45,,,
London,2023,Men,5,Seifu Tura,Ethiopia,02:06:38,,,
London,2023,Men,6,Emile Cairess,United Kingdom,02:08:07,,,
London,2023,Men,7,Brett Robinson,Australia,02:10:19,,,
London,2023,Men,8,Philip Sesemann,United Kingdom,02:10:23,,,
London,2023,Men,9,Mo Farah,United Kingdom,02:10:28,,,
London,2023,Men,10,Chris Thompson,United Kingdom,02:11:50,,,
London,2023,Women,1,Sifan Hassan,Netherlands,02:18:33,,,
London,2023,Women,2,Alemu Megertu,Ethiopia,02:18:37,,,
London,2023,Women,3,Peres Jepchirchir,Kenya,02:18:38,,,
London,2023,Women,4,Sheila Chepkirui,Kenya,02:18:51,,,
London,2023,Women,5,Yalemzerf Yehualaw,Ethiopia,02:18:53,,,
London,2023,Women,6,Judith Jeptum Korir,Kenya,02:20:41,,,
London,2023,Women,7,Almaz Ayana,Ethiopia,02:20:44,,,
London,2023,Women,8,Tadu Teshome,Ethiopia,02:21:31,,,
London,2023,Women,9,Sofiia Yaremchuk,Italy,02:24:02,,,
London,2023,Women,10,Susanna Sullivan,United States,02:24:27,,,
New,2023,Men,1,Tamirat Tola,Ethiopia,2:04:58,,,
New,2023,Men,2,Albert Korir,Kenya,2:06:57,,,
New,2023,Men,3,Shura Kitata,Ethiopia,2:07:11,,,
New,2023,Men,4,Abdi Nageeye,Netherlands,2:10:21,,,
New,2023,Men,5,Koen Naert,Belgium,2:10:25,,,
New,2023,Men,6,Maru Teferi,Israel,2:10:28,,,
New,2023,Men,7,Iliass Aouani,Italy,2:10:54,,,
New,2023,Men,8,Edward Cheserek,Kenya,2:11:07,,,
New,2023,Men,9,Jemal Yimer Mekonnen,Ethiopia,2:11:31,,,
New,2023,Men,10,Futsum Zienasellassie,United States,2:12:09,,,
New,2023,Women,1,Hellen Obiri,Kenya,2:27:23,,,
New,2023,Women,2,Letesenbet Gidey,Ethiopia,2:27:29,,,
New,2023,Women,3,Sharon Lokedi,Kenya,2:27:33,,,
New,2023,Women,4,Brigid Kosgei,Kenya,2:27:45,,,
New,2023,Women,5,Mary Ngugi,Kenya,2:27:53,,,
New,2023,Women,6,Viola Cheptoo,Kenya,2:28:11,,,
New,2023,Women,7,Edna Kiplagat,Kenya,2:29:40,,,
New,2023,Women,8,Kellyn Taylor,United States,2:29:48,,,
New,2023,Women,9,Molly Huddle,United States,2:32:02,,,
New,2023,Women,10,Fantu Zewude Jifar,Ethiopia,2:34:10,,,
Tokyo,2023,Men,1,Deso Gelmisa,Ethiopia,02:05:22,,,
Tokyo,2023,Men,2,Mohamed Esa,Ethiopia,02:05:22,,,
Tokyo,2023,Men,3,Tsegaye Getachew,Ethiopia,02:05:25,,,
Tokyo,2023,Men,4,Titus Kipruto,Kenya,02:05:32,,,
Tokyo,2023,Men,5,Cameron Levins,Canada,02:05:36,,,
Tokyo,2023,Men,6,Deme Tadu Abate,Ethiopia,02:05:38,,,
Tokyo,2023,Men,7,Ichitaka Yamashita,Japan,02:05:51,,,
Tokyo,2023,Men,8,Kenya Sonota,Japan,02:05:59,,,
Tokyo,2023,Men,9,Suguru Osako,Japan,02:06:13,,,
Tokyo,2023,Men,10,Hiroto Inoue,Japan,02:07:09,,,
Tokyo,2023,Women,1,Rosemary Wanjiru,Kenya,02:16:28,,,
Tokyo,2023,Women,2,Tsehay Gemechu,Ethiopia,02:16:56,,,
Tokyo,2023,Women,3,Ashete Bekere,Ethiopia,02:19:11,,,
Tokyo,2023,Women,4,Worknesh Edesa,Ethiopia,02:20:13,,,
Tokyo,2023,Women,5,Betsy Saina,United States,02:21:40,,,
Tokyo,2023,Women,6,Mizuki Matsuda,Japan,02:21:44,,,
Tokyo,2023,Women,7,Ai Hosoda,Japan,02:22:08,,,
Tokyo,2023,Women,8,Lindsay Flanagan,United States,02:26:08,,,
Tokyo,2023,Women,9,Kaori Morita,Japan,02:26:31,,,
Tokyo,2023,Women,10,Yukari Abe,Japan,02:28:20,,,
